MONTH,DAY_OF_MONTH,DAY_OF_WEEK,FL_DATE,OP_UNIQUE_CARRIER,ORIGIN,ORIGIN_CITY_NAME,DEST,DEST_CITY_NAME,CRS_DEP_TIME,DEP_DELAY,CRS_ARR_TIME,ARR_DELAY,CANCELLED,DIVERTED,DISTANCE,CARRIER_DELAY,WEATHER_DELAY,NAS_DELAY,SECURITY_DELAY,LATE_AIRCRAFT_DELAY
1,1,7,1/1/2023 12:00:00 AM,AA,BWI,"Baltimore, MD",CLT,"Charlotte, NC",1149,-6.0,1324,-18.0,0.0,0.0,361.0,,,,,
1,1,7,1/1/2023 12:00:00 AM,AA,BWI,"Baltimore, MD",CLT,"Charlotte, NC",1730,-10.0,1904,-6.0,0.0,0.0,361.0,,,,,
1,1,7,1/1/2023 12:00:00 AM,AA,BWI,"Baltimore, MD",DFW,"Dallas/Fort Worth, TX",630,2.0,920,-19.0,0.0,0.0,1217.0,,,,,
1,1,7,1/1/2023 12:00:00 AM,AA,BWI,"Baltimore, MD",DFW,"Dallas/Fort Worth, TX",1515,-4.0,1756,-30.0,0.0,0.0,1217.0,,,,,
1,1,7,1/1/2023 12:00:00 AM,AA,BWI,"Baltimore, MD",DFW,"Dallas/Fort Worth, TX",1904,-9.0,2145,-30.0,0.0,0.0,1217.0,,,,,
1,1,7,1/1/2023 12:00:00 AM,AA,BWI,"Baltimore, MD",MIA,"Miami, FL",605,-1.0,902,-7.0,0.0,0.0,946.0,,,,,
1,1,7,1/1/2023 12:00:00 AM,AA,BWI,"Baltimore, MD",ORD,"Chicago, IL",712,-8.0,830,-20.0,0.0,0.0,622.0,,,,,
1,1,7,1/1/2023 12:00:00 AM,AA,BZN,"Bozeman, MT",DFW,"Dallas/Fort Worth, TX",700,9.0,1116,16.0,0.0,0.0,1163.0,9.0,0.0,7.0,0.0,0.0
1,1,7,1/1/2023 12:00:00 AM,AA,BZN,"Bozeman, MT",DFW,"Dallas/Fort Worth, TX",1347,-3.0,1750,3.0,0.0,0.0,1163.0,,,,,
1,1,7,1/1/2023 12:00:00 AM,AA,CAE,"Columbia, SC",DFW,"Dallas/Fort Worth, TX",700,44.0,859,30.0,0.0,0.0,922.0,30.0,0.0,0.0,0.0,0.0
1,1,7,1/1/2023 12:00:00 AM,AA,CAE,"Columbia, SC",DFW,"Dallas/Fort Worth, TX",1726,-6.0,1925,-25.0,0.0,0.0,922.0,,,,,
1,1,7,1/1/2023 12:00:00 AM,AA,CHS,"Charleston, SC",CLT,"Charlotte, NC",1056,-3.0,1200,-5.0,0.0,0.0,168.0,,,,,
1,1,7,1/1/2023 12:00:00 AM,AA,CHS,"Charleston, SC",CLT,"Charlotte, NC",1255,10.0,1359,-8.0,0.0,0.0,168.0,,,,,
1,1,7,1/1/2023 12:00:00 AM,AA,CHS,"Charleston, SC",CLT,"Charlotte, NC",1620,2.0,1730,-4.0,0.0,0.0,168.0,,,,,
1,1,7,1/1/2023 12:00:00 AM,AA,CHS,"Charleston, SC",CLT,"Charlotte, NC",1807,-2.0,1911,-7.0,0.0,0.0,168.0,,,,,
1,1,7,1/1/2023 12:00:00 AM,AA,CHS,"Charleston, SC",CLT,"Charlotte, NC",2041,0.0,2145,-4.0,0.0,0.0,168.0,,,,,
1,1,7,1/1/2023 12:00:00 AM,AA,CHS,"Charleston, SC",DCA,"Washington, DC",1131,-2.0,1259,-14.0,0.0,0.0,444.0,,,,,
1,1,7,1/1/2023 12:00:00 AM,AA,CHS,"Charleston, SC",DFW,"Dallas/Fort Worth, TX",705,-2.0,914,-11.0,0.0,0.0,987.0,,,,,
1,1,7,1/1/2023 12:00:00 AM,AA,CHS,"Charleston, SC",DFW,"Dallas/Fort Worth, TX",1521,59.0,1725,34.0,0.0,0.0,987.0,20.0,0.0,0.0,0.0,14.0
1,1,7,1/1/2023 12:00:00 AM,AA,CHS,"Charleston, SC",DFW,"Dallas/Fort Worth, TX",1942,40.0,2145,6.0,0.0,0.0,987.0,,,,,
1,1,7,1/1/2023 12:00:00 AM,AA,CHS,"Charleston, SC",PHL,"Philadelphia, PA",1105,14.0,1249,16.0,0.0,0.0,550.0,0.0,0.0,2.0,0.0,14.0
1,1,7,1/1/2023 12:00:00 AM,AA,CHS,"Charleston, SC",PHL,"Philadelphia, PA",1808,-3.0,1952,-8.0,0.0,0.0,550.0,,,,,
1,1,7,1/1/2023 12:00:00 AM,AA,CID,"Cedar Rapids/Iowa City, IA",CLT,"Charlotte, NC",623,21.0,932,27.0,0.0,0.0,742.0,0.0,21.0,6.0,0.0,0.0
1,1,7,1/1/2023 12:00:00 AM,AA,CID,"Cedar Rapids/Iowa City, IA",DFW,"Dallas/Fort Worth, TX",723,19.0,939,9.0,0.0,0.0,685.0,,,,,
1,1,7,1/1/2023 12:00:00 AM,AA,CID,"Cedar Rapids/Iowa City, IA",DFW,"Dallas/Fort Worth, TX",1726,8.0,1942,4.0,0.0,0.0,685.0,,,,,
1,1,7,1/1/2023 12:00:00 AM,AA,CID,"Cedar Rapids/Iowa City, IA",PHX,"Phoenix, AZ",1755,2.0,2022,14.0,0.0,0.0,1252.0,,,,,
1,1,7,1/1/2023 12:00:00 AM,AA,CLE,"Cleveland, OH",CLT,"Charlotte, NC",1015,-2.0,1153,-8.0,0.0,0.0,430.0,,,,,
1,1,7,1/1/2023 12:00:00 AM,AA,CLE,"Cleveland, OH",CLT,"Charlotte, NC",1322,8.0,1456,-7.0,0.0,0.0,430.0,,,,,
1,1,7,1/1/2023 12:00:00 AM,AA,CLE,"Cleveland, OH",DFW,"Dallas/Fort Worth, TX",820,-3.0,1032,-31.0,0.0,0.0,1021.0,,,,,
1,1,7,1/1/2023 12:00:00 AM,AA,CLE,"Cleveland, OH",DFW,"Dallas/Fort Worth, TX",1340,13.0,1547,-5.0,0.0,0.0,1021.0,,,,,
1,1,7,1/1/2023 12:00:00 AM,AA,CLE,"Cleveland, OH",DFW,"Dallas/Fort Worth, TX",1542,-8.0,1749,0.0,0.0,0.0,1021.0,,,,,
1,1,7,1/1/2023 12:00:00 AM,AA,CLE,"Cleveland, OH",MIA,"Miami, FL",722,-8.0,1029,-27.0,0.0,0.0,1080.0,,,,,
1,1,7,1/1/2023 12:00:00 AM,AA,CLE,"Cleveland, OH",ORD,"Chicago, IL",632,-9.0,705,-18.0,0.0,0.0,316.0,,,,,
1,1,7,1/1/2023 12:00:00 AM,AA,CLT,"Charlotte, NC",ALB,"Albany, NY",1645,-5.0,1838,13.0,0.0,0.0,646.0,,,,,
1,1,7,1/1/2023 12:00:00 AM,AA,CLT,"Charlotte, NC",ALB,"Albany, NY",2130,11.0,2319,-2.0,0.0,0.0,646.0,,,,,
1,1,7,1/1/2023 12:00:00 AM,AA,CLT,"Charlotte, NC",ATL,"Atlanta, GA",1100,-5.0,1213,-11.0,0.0,0.0,226.0,,,,,
1,1,7,1/1/2023 12:00:00 AM,AA,CLT,"Charlotte, NC",ATL,"Atlanta, GA",1620,1.0,1733,-18.0,0.0,0.0,226.0,,,,,
1,1,7,1/1/2023 12:00:00 AM,AA,CLT,"Charlotte, NC",ATL,"Atlanta, GA",1805,-4.0,1917,-8.0,0.0,0.0,226.0,,,,,
1,1,7,1/1/2023 12:00:00 AM,AA,CLT,"Charlotte, NC",ATL,"Atlanta, GA",2015,3.0,2126,22.0,0.0,0.0,226.0,3.0,0.0,19.0,0.0,0.0
1,1,7,1/1/2023 12:00:00 AM,AA,CLT,"Charlotte, NC",ATL,"Atlanta, GA",2230,-7.0,2353,-27.0,0.0,0.0,226.0,,,,,
1,1,7,1/1/2023 12:00:00 AM,AA,CLT,"Charlotte, NC",AUS,"Austin, TX",1100,-2.0,1301,-6.0,0.0,0.0,1032.0,,,,,
1,1,7,1/1/2023 12:00:00 AM,AA,CLT,"Charlotte, NC",AUS,"Austin, TX",1504,-5.0,1707,-29.0,0.0,0.0,1032.0,,,,,
1,1,7,1/1/2023 12:00:00 AM,AA,CLT,"Charlotte, NC",AUS,"Austin, TX",1840,-1.0,2043,-6.0,0.0,0.0,1032.0,,,,,
1,1,7,1/1/2023 12:00:00 AM,AA,CLT,"Charlotte, NC",AUS,"Austin, TX",2016,1.0,2219,-20.0,0.0,0.0,1032.0,,,,,
1,1,7,1/1/2023 12:00:00 AM,AA,CLT,"Charlotte, NC",AUS,"Austin, TX",2222,-1.0,27,-21.0,0.0,0.0,1032.0,,,,,
1,1,7,1/1/2023 12:00:00 AM,AA,CLT,"Charlotte, NC",AVL,"Asheville, NC",1314,-7.0,1359,-6.0,0.0,0.0,91.0,,,,,
1,1,7,1/1/2023 12:00:00 AM,AA,CLT,"Charlotte, NC",AVL,"Asheville, NC",1631,-1.0,1717,-7.0,0.0,0.0,91.0,,,,,
1,1,7,1/1/2023 12:00:00 AM,AA,CLT,"Charlotte, NC",AVL,"Asheville, NC",2241,,2336,,1.0,0.0,91.0,,,,,
1,1,7,1/1/2023 12:00:00 AM,AA,CLT,"Charlotte, NC",AVP,"Scranton/Wilkes-Barre, PA",2220,28.0,2357,18.0,0.0,0.0,509.0,0.0,0.0,0.0,0.0,18.0
1,1,7,1/1/2023 12:00:00 AM,AA,CLT,"Charlotte, NC",BDL,"Hartford, CT",1225,-6.0,1413,-11.0,0.0,0.0,644.0,,,,,
1,1,7,1/1/2023 12:00:00 AM,AA,CLT,"Charlotte, NC",BDL,"Hartford, CT",1318,10.0,1509,2.0,0.0,0.0,644.0,,,,,
1,1,7,1/1/2023 12:00:00 AM,AA,CLT,"Charlotte, NC",BDL,"Hartford, CT",1654,-6.0,1845,-11.0,0.0,0.0,644.0,,,,,
1,1,7,1/1/2023 12:00:00 AM,AA,CLT,"Charlotte, NC",BDL,"Hartford, CT",2238,0.0,38,-15.0,0.0,0.0,644.0,,,,,
1,1,7,1/1/2023 12:00:00 AM,AA,CLT,"Charlotte, NC",BNA,"Nashville, TN",1015,-7.0,1038,-13.0,0.0,0.0,328.0,,,,,
1,1,7,1/1/2023 12:00:00 AM,AA,CLT,"Charlotte, NC",BNA,"Nashville, TN",1454,-4.0,1520,-8.0,0.0,0.0,328.0,,,,,
1,1,7,1/1/2023 12:00:00 AM,AA,CLT,"Charlotte, NC",BNA,"Nashville, TN",1803,-3.0,1826,-8.0,0.0,0.0,328.0,,,,,
1,1,7,1/1/2023 12:00:00 AM,AA,CLT,"Charlotte, NC",BNA,"Nashville, TN",2037,-4.0,2103,9.0,0.0,0.0,328.0,,,,,
1,1,7,1/1/2023 12:00:00 AM,AA,CLT,"Charlotte, NC",BNA,"Nashville, TN",2256,32.0,2332,10.0,0.0,0.0,328.0,,,,,
1,1,7,1/1/2023 12:00:00 AM,AA,CLT,"Charlotte, NC",BOS,"Boston, MA",1001,-9.0,1202,-12.0,0.0,0.0,728.0,,,,,
1,1,7,1/1/2023 12:00:00 AM,AA,CLT,"Charlotte, NC",BOS,"Boston, MA",1331,-5.0,1532,-17.0,0.0,0.0,728.0,,,,,
1,1,7,1/1/2023 12:00:00 AM,AA,CLT,"Charlotte, NC",BOS,"Boston, MA",1432,-4.0,1641,-15.0,0.0,0.0,728.0,,,,,
1,1,7,1/1/2023 12:00:00 AM,AA,CLT,"Charlotte, NC",BOS,"Boston, MA",1617,5.0,1819,1.0,0.0,0.0,728.0,,,,,
1,1,7,1/1/2023 12:00:00 AM,AA,CLT,"Charlotte, NC",BOS,"Boston, MA",1840,-2.0,2044,8.0,0.0,0.0,728.0,,,,,
1,1,7,1/1/2023 12:00:00 AM,AA,CLT,"Charlotte, NC",BOS,"Boston, MA",2027,11.0,2232,14.0,0.0,0.0,728.0,,,,,
1,1,7,1/1/2023 12:00:00 AM,AA,CLT,"Charlotte, NC",BOS,"Boston, MA",2235,-4.0,45,-16.0,0.0,0.0,728.0,,,,,
1,1,7,1/1/2023 12:00:00 AM,AA,CLT,"Charlotte, NC",BUF,"Buffalo, NY",1110,-7.0,1256,-11.0,0.0,0.0,546.0,,,,,
1,1,7,1/1/2023 12:00:00 AM,AA,CLT,"Charlotte, NC",BUF,"Buffalo, NY",1715,-10.0,1854,-6.0,0.0,0.0,546.0,,,,,
1,1,7,1/1/2023 12:00:00 AM,AA,CLT,"Charlotte, NC",BUF,"Buffalo, NY",2220,34.0,2359,42.0,0.0,0.0,546.0,0.0,0.0,8.0,0.0,34.0
1,1,7,1/1/2023 12:00:00 AM,AA,CLT,"Charlotte, NC",BWI,"Baltimore, MD",1455,-1.0,1617,-11.0,0.0,0.0,361.0,,,,,
1,1,7,1/1/2023 12:00:00 AM,AA,CLT,"Charlotte, NC",BWI,"Baltimore, MD",1820,13.0,1942,27.0,0.0,0.0,361.0,13.0,0.0,14.0,0.0,0.0
1,1,7,1/1/2023 12:00:00 AM,AA,CLT,"Charlotte, NC",BWI,"Baltimore, MD",2222,0.0,2345,-12.0,0.0,0.0,361.0,,,,,
1,1,7,1/1/2023 12:00:00 AM,AA,CLT,"Charlotte, NC",CHS,"Charleston, SC",1109,1.0,1210,19.0,0.0,0.0,168.0,0.0,0.0,18.0,0.0,1.0
1,1,7,1/1/2023 12:00:00 AM,AA,CLT,"Charlotte, NC",CHS,"Charleston, SC",1428,-5.0,1530,-13.0,0.0,0.0,168.0,,,,,
1,1,7,1/1/2023 12:00:00 AM,AA,CLT,"Charlotte, NC",CHS,"Charleston, SC",1625,-5.0,1727,-11.0,0.0,0.0,168.0,,,,,
1,1,7,1/1/2023 12:00:00 AM,AA,CLT,"Charlotte, NC",CHS,"Charleston, SC",1800,26.0,1902,29.0,0.0,0.0,168.0,12.0,0.0,3.0,0.0,14.0
1,1,7,1/1/2023 12:00:00 AM,AA,CLT,"Charlotte, NC",CHS,"Charleston, SC",2250,-1.0,6,-31.0,0.0,0.0,168.0,,,,,
1,1,7,1/1/2023 12:00:00 AM,AA,CLT,"Charlotte, NC",CID,"Cedar Rapids/Iowa City, IA",2035,6.0,2149,8.0,0.0,0.0,742.0,,,,,
1,1,7,1/1/2023 12:00:00 AM,AA,CLT,"Charlotte, NC",CLE,"Cleveland, OH",1100,-1.0,1237,1.0,0.0,0.0,430.0,,,,,
1,1,7,1/1/2023 12:00:00 AM,AA,CLT,"Charlotte, NC",CLE,"Cleveland, OH",1656,-2.0,1834,-9.0,0.0,0.0,430.0,,,,,
1,1,7,1/1/2023 12:00:00 AM,AA,CLT,"Charlotte, NC",CLE,"Cleveland, OH",1830,-14.0,2005,-21.0,0.0,0.0,430.0,,,,,
1,1,7,1/1/2023 12:00:00 AM,AA,CLT,"Charlotte, NC",CMH,"Columbus, OH",1615,-3.0,1739,-3.0,0.0,0.0,347.0,,,,,
1,1,7,1/1/2023 12:00:00 AM,AA,CLT,"Charlotte, NC",CMH,"Columbus, OH",2032,-3.0,2159,-10.0,0.0,0.0,347.0,,,,,
1,1,7,1/1/2023 12:00:00 AM,AA,CLT,"Charlotte, NC",CMH,"Columbus, OH",2225,9.0,2350,22.0,0.0,0.0,347.0,9.0,0.0,13.0,0.0,0.0
1,1,7,1/1/2023 12:00:00 AM,AA,CLT,"Charlotte, NC",CVG,"Cincinnati, OH",1551,-2.0,1710,-8.0,0.0,0.0,335.0,,,,,
1,1,7,1/1/2023 12:00:00 AM,AA,CLT,"Charlotte, NC",CVG,"Cincinnati, OH",2235,101.0,2358,104.0,0.0,0.0,335.0,101.0,0.0,3.0,0.0,0.0
1,1,7,1/1/2023 12:00:00 AM,AA,CLT,"Charlotte, NC",DAB,"Daytona Beach, FL",1128,35.0,1257,21.0,0.0,0.0,416.0,0.0,0.0,0.0,0.0,21.0
1,1,7,1/1/2023 12:00:00 AM,AA,CLT,"Charlotte, NC",DAB,"Daytona Beach, FL",1521,9.0,1644,3.0,0.0,0.0,416.0,,,,,
1,1,7,1/1/2023 12:00:00 AM,AA,CLT,"Charlotte, NC",DAB,"Daytona Beach, FL",2051,-7.0,2220,-11.0,0.0,0.0,416.0,,,,,
1,1,7,1/1/2023 12:00:00 AM,AA,CLT,"Charlotte, NC",DCA,"Washington, DC",929,-8.0,1052,-26.0,0.0,0.0,331.0,,,,,
1,1,7,1/1/2023 12:00:00 AM,AA,CLT,"Charlotte, NC",DCA,"Washington, DC",1123,56.0,1247,42.0,0.0,0.0,331.0,42.0,0.0,0.0,0.0,0.0
1,1,7,1/1/2023 12:00:00 AM,AA,CLT,"Charlotte, NC",DCA,"Washington, DC",1504,-11.0,1626,-1.0,0.0,0.0,331.0,,,,,
1,1,7,1/1/2023 12:00:00 AM,AA,CLT,"Charlotte, NC",DCA,"Washington, DC",1630,-1.0,1747,-1.0,0.0,0.0,331.0,,,,,
1,1,7,1/1/2023 12:00:00 AM,AA,CLT,"Charlotte, NC",DCA,"Washington, DC",1805,-1.0,1922,-2.0,0.0,0.0,331.0,,,,,
1,1,7,1/1/2023 12:00:00 AM,AA,CLT,"Charlotte, NC",DCA,"Washington, DC",2011,136.0,2130,158.0,0.0,0.0,331.0,136.0,0.0,22.0,0.0,0.0
1,1,7,1/1/2023 12:00:00 AM,AA,CLT,"Charlotte, NC",DCA,"Washington, DC",2237,-5.0,2358,13.0,0.0,0.0,331.0,,,,,
1,1,7,1/1/2023 12:00:00 AM,AA,CLT,"Charlotte, NC",DEN,"Denver, CO",1130,-1.0,1316,6.0,0.0,0.0,1337.0,,,,,
1,1,7,1/1/2023 12:00:00 AM,AA,CLT,"Charlotte, NC",DEN,"Denver, CO",1345,-3.0,1525,-7.0,0.0,0.0,1337.0,,,,,
1,1,7,1/1/2023 12:00:00 AM,AA,CLT,"Charlotte, NC",DEN,"Denver, CO",2040,2.0,2224,-2.0,0.0,0.0,1337.0,,,,,
1,1,7,1/1/2023 12:00:00 AM,AA,CLT,"Charlotte, NC",DEN,"Denver, CO",2220,3.0,9,11.0,0.0,0.0,1337.0,,,,,
1,1,7,1/1/2023 12:00:00 AM,AA,CLT,"Charlotte, NC",DFW,"Dallas/Fort Worth, TX",710,-4.0,910,-21.0,0.0,0.0,936.0,,,,,
1,1,7,1/1/2023 12:00:00 AM,AA,CLT,"Charlotte, NC",DFW,"Dallas/Fort Worth, TX",930,-2.0,1133,-23.0,0.0,0.0,936.0,,,,,
1,1,7,1/1/2023 12:00:00 AM,AA,CLT,"Charlotte, NC",DFW,"Dallas/Fort Worth, TX",1140,-5.0,1341,-20.0,0.0,0.0,936.0,,,,,
1,1,7,1/1/2023 12:00:00 AM,AA,CLT,"Charlotte, NC",DFW,"Dallas/Fort Worth, TX",1320,44.0,1518,33.0,0.0,0.0,936.0,11.0,0.0,0.0,0.0,22.0
1,1,7,1/1/2023 12:00:00 AM,AA,CLT,"Charlotte, NC",DFW,"Dallas/Fort Worth, TX",1500,-2.0,1701,-30.0,0.0,0.0,936.0,,,,,
1,1,7,1/1/2023 12:00:00 AM,AA,CLT,"Charlotte, NC",DFW,"Dallas/Fort Worth, TX",1800,14.0,1955,7.0,0.0,0.0,936.0,,,,,
1,1,7,1/1/2023 12:00:00 AM,AA,CLT,"Charlotte, NC",DFW,"Dallas/Fort Worth, TX",1920,4.0,2117,-6.0,0.0,0.0,936.0,,,,,
1,1,7,1/1/2023 12:00:00 AM,AA,CLT,"Charlotte, NC",DFW,"Dallas/Fort Worth, TX",2020,-7.0,2218,-34.0,0.0,0.0,936.0,,,,,
1,1,7,1/1/2023 12:00:00 AM,AA,CLT,"Charlotte, NC",DFW,"Dallas/Fort Worth, TX",2220,-3.0,16,-24.0,0.0,0.0,936.0,,,,,
1,1,7,1/1/2023 12:00:00 AM,AA,CLT,"Charlotte, NC",DSM,"Des Moines, IA",1140,-6.0,1313,9.0,0.0,0.0,815.0,,,,,
1,1,7,1/1/2023 12:00:00 AM,AA,CLT,"Charlotte, NC",DSM,"Des Moines, IA",2030,-4.0,2205,-18.0,0.0,0.0,815.0,,,,,
1,1,7,1/1/2023 12:00:00 AM,AA,CLT,"Charlotte, NC",DTW,"Detroit, MI",1103,21.0,1250,29.0,0.0,0.0,500.0,21.0,0.0,8.0,0.0,0.0
1,1,7,1/1/2023 12:00:00 AM,AA,CLT,"Charlotte, NC",DTW,"Detroit, MI",1655,-7.0,1841,-9.0,0.0,0.0,500.0,,,,,
1,1,7,1/1/2023 12:00:00 AM,AA,CLT,"Charlotte, NC",DTW,"Detroit, MI",2037,-4.0,2225,-3.0,0.0,0.0,500.0,,,,,
1,1,7,1/1/2023 12:00:00 AM,AA,CLT,"Charlotte, NC",DTW,"Detroit, MI",2221,14.0,15,0.0,0.0,0.0,500.0,,,,,
1,1,7,1/1/2023 12:00:00 AM,AA,CLT,"Charlotte, NC",ECP,"Panama City, FL",1123,45.0,1201,34.0,0.0,0.0,437.0,34.0,0.0,0.0,0.0,0.0
1,1,7,1/1/2023 12:00:00 AM,AA,CLT,"Charlotte, NC",EWR,"Newark, NJ",1059,-2.0,1242,17.0,0.0,0.0,529.0,0.0,0.0,17.0,0.0,0.0
1,1,7,1/1/2023 12:00:00 AM,AA,CLT,"Charlotte, NC",EWR,"Newark, NJ",1300,0.0,1444,-8.0,0.0,0.0,529.0,,,,,
1,1,7,1/1/2023 12:00:00 AM,AA,CLT,"Charlotte, NC",EWR,"Newark, NJ",1654,-1.0,1841,5.0,0.0,0.0,529.0,,,,,
1,1,7,1/1/2023 12:00:00 AM,AA,CLT,"Charlotte, NC",EWR,"Newark, NJ",1831,-6.0,2019,-9.0,0.0,0.0,529.0,,,,,
1,1,7,1/1/2023 12:00:00 AM,AA,CLT,"Charlotte, NC",EWR,"Newark, NJ",2051,1.0,2240,-1.0,0.0,0.0,529.0,,,,,
1,1,7,1/1/2023 12:00:00 AM,AA,CLT,"Charlotte, NC",EWR,"Newark, NJ",2250,-5.0,50,-26.0,0.0,0.0,529.0,,,,,
1,1,7,1/1/2023 12:00:00 AM,AA,CLT,"Charlotte, NC",EYW,"Key West, FL",1105,-4.0,1317,-7.0,0.0,0.0,736.0,,,,,
1,1,7,1/1/2023 12:00:00 AM,AA,CLT,"Charlotte, NC",EYW,"Key West, FL",1430,-7.0,1640,-12.0,0.0,0.0,736.0,,,,,
1,1,7,1/1/2023 12:00:00 AM,AA,CLT,"Charlotte, NC",EYW,"Key West, FL",1825,-9.0,2039,-19.0,0.0,0.0,736.0,,,,,
1,1,7,1/1/2023 12:00:00 AM,AA,CLT,"Charlotte, NC",FLL,"Fort Lauderdale, FL",1015,42.0,1213,43.0,0.0,0.0,632.0,0.0,0.0,1.0,0.0,42.0
1,1,7,1/1/2023 12:00:00 AM,AA,CLT,"Charlotte, NC",FLL,"Fort Lauderdale, FL",1215,1.0,1413,-6.0,0.0,0.0,632.0,,,,,
1,1,7,1/1/2023 12:00:00 AM,AA,CLT,"Charlotte, NC",FLL,"Fort Lauderdale, FL",1435,-4.0,1630,-12.0,0.0,0.0,632.0,,,,,
1,1,7,1/1/2023 12:00:00 AM,AA,CLT,"Charlotte, NC",FLL,"Fort Lauderdale, FL",1625,22.0,1821,16.0,0.0,0.0,632.0,0.0,0.0,0.0,0.0,16.0
1,1,7,1/1/2023 12:00:00 AM,AA,CLT,"Charlotte, NC",FLL,"Fort Lauderdale, FL",1830,-6.0,2029,1.0,0.0,0.0,632.0,,,,,
1,1,7,1/1/2023 12:00:00 AM,AA,CLT,"Charlotte, NC",FLL,"Fort Lauderdale, FL",2042,-4.0,2243,-19.0,0.0,0.0,632.0,,,,,
1,1,7,1/1/2023 12:00:00 AM,AA,CLT,"Charlotte, NC",FLL,"Fort Lauderdale, FL",2220,6.0,25,-15.0,0.0,0.0,632.0,,,,,
1,1,7,1/1/2023 12:00:00 AM,AA,CLT,"Charlotte, NC",GRR,"Grand Rapids, MI",1300,-1.0,1452,-5.0,0.0,0.0,583.0,,,,,
1,1,7,1/1/2023 12:00:00 AM,AA,CLT,"Charlotte, NC",GRR,"Grand Rapids, MI",2057,22.0,2256,10.0,0.0,0.0,583.0,,,,,
1,1,7,1/1/2023 12:00:00 AM,AA,CLT,"Charlotte, NC",GSO,"Greensboro/High Point, NC",1315,-4.0,1401,-1.0,0.0,0.0,83.0,,,,,
1,1,7,1/1/2023 12:00:00 AM,AA,CLT,"Charlotte, NC",GSO,"Greensboro/High Point, NC",1824,-2.0,1912,-1.0,0.0,0.0,83.0,,,,,
1,1,7,1/1/2023 12:00:00 AM,AA,CLT,"Charlotte, NC",GSO,"Greensboro/High Point, NC",2234,-6.0,2331,-25.0,0.0,0.0,83.0,,,,,
1,1,7,1/1/2023 12:00:00 AM,AA,CLT,"Charlotte, NC",GSP,"Greer, SC",1449,-7.0,1529,-11.0,0.0,0.0,75.0,,,,,
1,1,7,1/1/2023 12:00:00 AM,AA,CLT,"Charlotte, NC",GSP,"Greer, SC",2247,-7.0,2340,-14.0,0.0,0.0,75.0,,,,,
1,1,7,1/1/2023 12:00:00 AM,AA,CLT,"Charlotte, NC",IAD,"Washington, DC",1800,-4.0,1917,-3.0,0.0,0.0,322.0,,,,,
1,1,7,1/1/2023 12:00:00 AM,AA,CLT,"Charlotte, NC",IAD,"Washington, DC",2225,14.0,2351,-1.0,0.0,0.0,322.0,,,,,
1,1,7,1/1/2023 12:00:00 AM,AA,CLT,"Charlotte, NC",IAH,"Houston, TX",1116,-6.0,1310,-15.0,0.0,0.0,912.0,,,,,
1,1,7,1/1/2023 12:00:00 AM,AA,CLT,"Charlotte, NC",IAH,"Houston, TX",1504,-3.0,1657,-36.0,0.0,0.0,912.0,,,,,
1,1,7,1/1/2023 12:00:00 AM,AA,CLT,"Charlotte, NC",IAH,"Houston, TX",1830,-6.0,2021,-33.0,0.0,0.0,912.0,,,,,
1,1,7,1/1/2023 12:00:00 AM,AA,CLT,"Charlotte, NC",IAH,"Houston, TX",2025,0.0,2214,-27.0,0.0,0.0,912.0,,,,,
1,1,7,1/1/2023 12:00:00 AM,AA,CLT,"Charlotte, NC",ILM,"Wilmington, NC",1259,-4.0,1354,-11.0,0.0,0.0,185.0,,,,,
1,1,7,1/1/2023 12:00:00 AM,AA,CLT,"Charlotte, NC",ILM,"Wilmington, NC",1625,-2.0,1722,24.0,0.0,0.0,185.0,0.0,0.0,24.0,0.0,0.0
1,1,7,1/1/2023 12:00:00 AM,AA,CLT,"Charlotte, NC",ILM,"Wilmington, NC",2245,3.0,2352,-8.0,0.0,0.0,185.0,,,,,
1,1,7,1/1/2023 12:00:00 AM,AA,CLT,"Charlotte, NC",IND,"Indianapolis, IN",1654,-7.0,1833,-6.0,0.0,0.0,427.0,,,,,
1,1,7,1/1/2023 12:00:00 AM,AA,CLT,"Charlotte, NC",IND,"Indianapolis, IN",1919,-1.0,2055,-3.0,0.0,0.0,427.0,,,,,
1,1,7,1/1/2023 12:00:00 AM,AA,CLT,"Charlotte, NC",IND,"Indianapolis, IN",2220,142.0,1,127.0,0.0,0.0,427.0,0.0,0.0,0.0,0.0,127.0
1,1,7,1/1/2023 12:00:00 AM,AA,CLT,"Charlotte, NC",JAX,"Jacksonville, FL",1215,-1.0,1335,-2.0,0.0,0.0,328.0,,,,,
1,1,7,1/1/2023 12:00:00 AM,AA,CLT,"Charlotte, NC",JAX,"Jacksonville, FL",1450,-4.0,1613,-13.0,0.0,0.0,328.0,,,,,
1,1,7,1/1/2023 12:00:00 AM,AA,CLT,"Charlotte, NC",JAX,"Jacksonville, FL",1800,-4.0,1919,-20.0,0.0,0.0,328.0,,,,,
1,1,7,1/1/2023 12:00:00 AM,AA,CLT,"Charlotte, NC",JAX,"Jacksonville, FL",2033,-8.0,2152,-13.0,0.0,0.0,328.0,,,,,
1,1,7,1/1/2023 12:00:00 AM,AA,CLT,"Charlotte, NC",JAX,"Jacksonville, FL",2235,-1.0,2359,-14.0,0.0,0.0,328.0,,,,,
1,1,7,1/1/2023 12:00:00 AM,AA,CLT,"Charlotte, NC",JFK,"New York, NY",711,9.0,900,4.0,0.0,0.0,541.0,,,,,
1,1,7,1/1/2023 12:00:00 AM,AA,CLT,"Charlotte, NC",JFK,"New York, NY",1309,-5.0,1458,-14.0,0.0,0.0,541.0,,,,,
1,1,7,1/1/2023 12:00:00 AM,AA,CLT,"Charlotte, NC",JFK,"New York, NY",1838,-2.0,2028,-6.0,0.0,0.0,541.0,,,,,
1,1,7,1/1/2023 12:00:00 AM,AA,CLT,"Charlotte, NC",JFK,"New York, NY",2013,-4.0,2159,-11.0,0.0,0.0,541.0,,,,,
1,1,7,1/1/2023 12:00:00 AM,AA,CLT,"Charlotte, NC",LAS,"Las Vegas, NV",1130,0.0,1328,-15.0,0.0,0.0,1916.0,,,,,
1,1,7,1/1/2023 12:00:00 AM,AA,CLT,"Charlotte, NC",LAS,"Las Vegas, NV",1330,5.0,1521,46.0,0.0,0.0,1916.0,5.0,0.0,41.0,0.0,0.0
1,1,7,1/1/2023 12:00:00 AM,AA,CLT,"Charlotte, NC",LAS,"Las Vegas, NV",1640,19.0,1835,6.0,0.0,0.0,1916.0,,,,,
1,1,7,1/1/2023 12:00:00 AM,AA,CLT,"Charlotte, NC",LAS,"Las Vegas, NV",1816,-2.0,2008,-8.0,0.0,0.0,1916.0,,,,,
1,1,7,1/1/2023 12:00:00 AM,AA,CLT,"Charlotte, NC",LAX,"Los Angeles, CA",1105,-2.0,1327,-2.0,0.0,0.0,2125.0,,,,,
1,1,7,1/1/2023 12:00:00 AM,AA,CLT,"Charlotte, NC",LAX,"Los Angeles, CA",1645,50.0,1907,27.0,0.0,0.0,2125.0,17.0,0.0,0.0,0.0,10.0
1,1,7,1/1/2023 12:00:00 AM,AA,CLT,"Charlotte, NC",LAX,"Los Angeles, CA",1817,16.0,2041,2.0,0.0,0.0,2125.0,,,,,
1,1,7,1/1/2023 12:00:00 AM,AA,CLT,"Charlotte, NC",LAX,"Los Angeles, CA",2015,3.0,2236,27.0,0.0,0.0,2125.0,3.0,0.0,24.0,0.0,0.0
1,1,7,1/1/2023 12:00:00 AM,AA,CLT,"Charlotte, NC",LGA,"New York, NY",1142,-2.0,1329,-6.0,0.0,0.0,544.0,,,,,
1,1,7,1/1/2023 12:00:00 AM,AA,CLT,"Charlotte, NC",LGA,"New York, NY",1313,-3.0,1459,-10.0,0.0,0.0,544.0,,,,,
1,1,7,1/1/2023 12:00:00 AM,AA,CLT,"Charlotte, NC",LGA,"New York, NY",1433,-3.0,1616,-8.0,0.0,0.0,544.0,,,,,
1,1,7,1/1/2023 12:00:00 AM,AA,CLT,"Charlotte, NC",LGA,"New York, NY",1611,-2.0,1758,-16.0,0.0,0.0,544.0,,,,,
1,1,7,1/1/2023 12:00:00 AM,AA,CLT,"Charlotte, NC",LGA,"New York, NY",1812,7.0,1955,12.0,0.0,0.0,544.0,,,,,
1,1,7,1/1/2023 12:00:00 AM,AA,CLT,"Charlotte, NC",LGA,"New York, NY",2042,-3.0,2230,-8.0,0.0,0.0,544.0,,,,,
1,1,7,1/1/2023 12:00:00 AM,AA,CLT,"Charlotte, NC",LGA,"New York, NY",2203,108.0,2345,102.0,0.0,0.0,544.0,64.0,0.0,0.0,0.0,38.0
1,1,7,1/1/2023 12:00:00 AM,AA,CLT,"Charlotte, NC",LIT,"Little Rock, AR",1100,-8.0,1211,-27.0,0.0,0.0,640.0,,,,,
1,1,7,1/1/2023 12:00:00 AM,AA,CLT,"Charlotte, NC",LIT,"Little Rock, AR",1930,-7.0,2036,-22.0,0.0,0.0,640.0,,,,,
1,1,7,1/1/2023 12:00:00 AM,AA,CLT,"Charlotte, NC",MCI,"Kansas City, MO",1130,20.0,1306,11.0,0.0,0.0,808.0,,,,,
1,1,7,1/1/2023 12:00:00 AM,AA,CLT,"Charlotte, NC",MCI,"Kansas City, MO",2050,12.0,2223,1.0,0.0,0.0,808.0,,,,,
1,1,7,1/1/2023 12:00:00 AM,AA,CLT,"Charlotte, NC",MCO,"Orlando, FL",933,-4.0,1123,-24.0,0.0,0.0,468.0,,,,,
1,1,7,1/1/2023 12:00:00 AM,AA,CLT,"Charlotte, NC",MCO,"Orlando, FL",1116,-7.0,1304,-10.0,0.0,0.0,468.0,,,,,
1,1,7,1/1/2023 12:00:00 AM,AA,CLT,"Charlotte, NC",MCO,"Orlando, FL",1258,-5.0,1438,-16.0,0.0,0.0,468.0,,,,,
1,1,7,1/1/2023 12:00:00 AM,AA,CLT,"Charlotte, NC",MCO,"Orlando, FL",1401,-3.0,1541,1.0,0.0,0.0,468.0,,,,,
1,1,7,1/1/2023 12:00:00 AM,AA,CLT,"Charlotte, NC",MCO,"Orlando, FL",1454,11.0,1639,-10.0,0.0,0.0,468.0,,,,,
1,1,7,1/1/2023 12:00:00 AM,AA,CLT,"Charlotte, NC",MCO,"Orlando, FL",1559,-3.0,1739,-2.0,0.0,0.0,468.0,,,,,
1,1,7,1/1/2023 12:00:00 AM,AA,CLT,"Charlotte, NC",MCO,"Orlando, FL",1656,-4.0,1840,8.0,0.0,0.0,468.0,,,,,
1,1,7,1/1/2023 12:00:00 AM,AA,CLT,"Charlotte, NC",MCO,"Orlando, FL",1825,-6.0,2010,-11.0,0.0,0.0,468.0,,,,,
1,1,7,1/1/2023 12:00:00 AM,AA,CLT,"Charlotte, NC",MCO,"Orlando, FL",2030,12.0,2212,5.0,0.0,0.0,468.0,,,,,
1,1,7,1/1/2023 12:00:00 AM,AA,CLT,"Charlotte, NC",MCO,"Orlando, FL",2135,-8.0,2315,-9.0,0.0,0.0,468.0,,,,,
1,1,7,1/1/2023 12:00:00 AM,AA,CLT,"Charlotte, NC",MCO,"Orlando, FL",2230,21.0,17,20.0,0.0,0.0,468.0,0.0,0.0,0.0,0.0,20.0
1,1,7,1/1/2023 12:00:00 AM,AA,CLT,"Charlotte, NC",MDT,"Harrisburg, PA",1100,-5.0,1230,0.0,0.0,0.0,413.0,,,,,
1,1,7,1/1/2023 12:00:00 AM,AA,CLT,"Charlotte, NC",MDT,"Harrisburg, PA",2225,8.0,2359,-4.0,0.0,0.0,413.0,,,,,
1,1,7,1/1/2023 12:00:00 AM,AA,CLT,"Charlotte, NC",MEM,"Memphis, TN",1109,-6.0,1159,-12.0,0.0,0.0,511.0,,,,,
1,1,7,1/1/2023 12:00:00 AM,AA,CLT,"Charlotte, NC",MEM,"Memphis, TN",1507,8.0,1600,-7.0,0.0,0.0,511.0,,,,,
1,1,7,1/1/2023 12:00:00 AM,AA,CLT,"Charlotte, NC",MEM,"Memphis, TN",1845,-3.0,1935,0.0,0.0,0.0,511.0,,,,,
1,1,7,1/1/2023 12:00:00 AM,AA,CLT,"Charlotte, NC",MEM,"Memphis, TN",2040,-4.0,2137,-25.0,0.0,0.0,511.0,,,,,
1,1,7,1/1/2023 12:00:00 AM,AA,CLT,"Charlotte, NC",MIA,"Miami, FL",911,-6.0,1120,-13.0,0.0,0.0,650.0,,,,,
1,1,7,1/1/2023 12:00:00 AM,AA,CLT,"Charlotte, NC",MIA,"Miami, FL",1215,20.0,1423,19.0,0.0,0.0,650.0,19.0,0.0,0.0,0.0,0.0
1,1,7,1/1/2023 12:00:00 AM,AA,CLT,"Charlotte, NC",MIA,"Miami, FL",1430,-3.0,1632,-15.0,0.0,0.0,650.0,,,,,
1,1,7,1/1/2023 12:00:00 AM,AA,CLT,"Charlotte, NC",MIA,"Miami, FL",1640,-5.0,1846,-12.0,0.0,0.0,650.0,,,,,
1,1,7,1/1/2023 12:00:00 AM,AA,CLT,"Charlotte, NC",MIA,"Miami, FL",1818,-6.0,2025,-24.0,0.0,0.0,650.0,,,,,
1,1,7,1/1/2023 12:00:00 AM,AA,CLT,"Charlotte, NC",MIA,"Miami, FL",2010,-7.0,2213,-18.0,0.0,0.0,650.0,,,,,
1,1,7,1/1/2023 12:00:00 AM,AA,CLT,"Charlotte, NC",MIA,"Miami, FL",2230,69.0,41,47.0,0.0,0.0,650.0,10.0,0.0,0.0,0.0,37.0
1,1,7,1/1/2023 12:00:00 AM,AA,CLT,"Charlotte, NC",MKE,"Milwaukee, WI",1215,-6.0,1315,-15.0,0.0,0.0,651.0,,,,,
1,1,7,1/1/2023 12:00:00 AM,AA,CLT,"Charlotte, NC",MKE,"Milwaukee, WI",1825,-3.0,1930,-12.0,0.0,0.0,651.0,,,,,
1,1,7,1/1/2023 12:00:00 AM,AA,CLT,"Charlotte, NC",MSN,"Madison, WI",1435,-6.0,1546,-10.0,0.0,0.0,708.0,,,,,
1,1,7,1/1/2023 12:00:00 AM,AA,CLT,"Charlotte, NC",MSN,"Madison, WI",2020,40.0,2129,25.0,0.0,0.0,708.0,25.0,0.0,0.0,0.0,0.0
1,1,7,1/1/2023 12:00:00 AM,AA,CLT,"Charlotte, NC",MSP,"Minneapolis, MN",1519,-3.0,1701,-7.0,0.0,0.0,930.0,,,,,
1,1,7,1/1/2023 12:00:00 AM,AA,CLT,"Charlotte, NC",MSP,"Minneapolis, MN",2046,-6.0,2233,-10.0,0.0,0.0,930.0,,,,,
1,1,7,1/1/2023 12:00:00 AM,AA,CLT,"Charlotte, NC",MSY,"New Orleans, LA",1100,-4.0,1204,-5.0,0.0,0.0,651.0,,,,,
1,1,7,1/1/2023 12:00:00 AM,AA,CLT,"Charlotte, NC",MSY,"New Orleans, LA",1246,-9.0,1347,-15.0,0.0,0.0,651.0,,,,,
1,1,7,1/1/2023 12:00:00 AM,AA,CLT,"Charlotte, NC",MSY,"New Orleans, LA",1645,-8.0,1748,-16.0,0.0,0.0,651.0,,,,,
1,1,7,1/1/2023 12:00:00 AM,AA,CLT,"Charlotte, NC",MSY,"New Orleans, LA",2244,-5.0,2359,-19.0,0.0,0.0,651.0,,,,,
1,1,7,1/1/2023 12:00:00 AM,AA,CLT,"Charlotte, NC",MYR,"Myrtle Beach, SC",1848,61.0,1940,50.0,0.0,0.0,157.0,0.0,0.0,0.0,0.0,50.0
1,1,7,1/1/2023 12:00:00 AM,AA,CLT,"Charlotte, NC",OKC,"Oklahoma City, OK",1326,9.0,1514,3.0,0.0,0.0,940.0,,,,,
1,1,7,1/1/2023 12:00:00 AM,AA,CLT,"Charlotte, NC",OKC,"Oklahoma City, OK",2055,-3.0,2246,-5.0,0.0,0.0,940.0,,,,,
1,1,7,1/1/2023 12:00:00 AM,AA,CLT,"Charlotte, NC",OMA,"Omaha, NE",1113,7.0,1259,1.0,0.0,0.0,913.0,,,,,
1,1,7,1/1/2023 12:00:00 AM,AA,CLT,"Charlotte, NC",OMA,"Omaha, NE",2125,-5.0,2305,-22.0,0.0,0.0,913.0,,,,,
1,1,7,1/1/2023 12:00:00 AM,AA,CLT,"Charlotte, NC",ONT,"Ontario, CA",1640,-2.0,1847,-19.0,0.0,0.0,2078.0,,,,,
1,1,7,1/1/2023 12:00:00 AM,AA,CLT,"Charlotte, NC",ORD,"Chicago, IL",905,-8.0,1014,-24.0,0.0,0.0,599.0,,,,,
1,1,7,1/1/2023 12:00:00 AM,AA,CLT,"Charlotte, NC",ORD,"Chicago, IL",1100,-3.0,1209,-18.0,0.0,0.0,599.0,,,,,
1,1,7,1/1/2023 12:00:00 AM,AA,CLT,"Charlotte, NC",ORD,"Chicago, IL",1323,14.0,1430,-4.0,0.0,0.0,599.0,,,,,
1,1,7,1/1/2023 12:00:00 AM,AA,CLT,"Charlotte, NC",ORD,"Chicago, IL",1635,-1.0,1740,1.0,0.0,0.0,599.0,,,,,
1,1,7,1/1/2023 12:00:00 AM,AA,CLT,"Charlotte, NC",ORD,"Chicago, IL",1815,229.0,1920,232.0,0.0,0.0,599.0,52.0,0.0,3.0,0.0,177.0
1,1,7,1/1/2023 12:00:00 AM,AA,CLT,"Charlotte, NC",ORD,"Chicago, IL",2045,19.0,2157,7.0,0.0,0.0,599.0,,,,,
1,1,7,1/1/2023 12:00:00 AM,AA,CLT,"Charlotte, NC",ORD,"Chicago, IL",2238,-1.0,2346,-11.0,0.0,0.0,599.0,,,,,
1,1,7,1/1/2023 12:00:00 AM,AA,CLT,"Charlotte, NC",ORF,"Norfolk, VA",1300,-2.0,1408,-16.0,0.0,0.0,290.0,,,,,
1,1,7,1/1/2023 12:00:00 AM,AA,CLT,"Charlotte, NC",ORF,"Norfolk, VA",1615,13.0,1725,12.0,0.0,0.0,290.0,,,,,
1,1,7,1/1/2023 12:00:00 AM,AA,CLT,"Charlotte, NC",ORF,"Norfolk, VA",1825,-1.0,1935,-2.0,0.0,0.0,290.0,,,,,
1,1,7,1/1/2023 12:00:00 AM,AA,CLT,"Charlotte, NC",ORF,"Norfolk, VA",2250,16.0,11,1.0,0.0,0.0,290.0,,,,,
1,1,7,1/1/2023 12:00:00 AM,AA,CLT,"Charlotte, NC",PBI,"West Palm Beach/Palm Beach, FL",904,-5.0,1054,-8.0,0.0,0.0,590.0,,,,,
1,1,7,1/1/2023 12:00:00 AM,AA,CLT,"Charlotte, NC",PBI,"West Palm Beach/Palm Beach, FL",1215,-5.0,1405,1.0,0.0,0.0,590.0,,,,,
1,1,7,1/1/2023 12:00:00 AM,AA,CLT,"Charlotte, NC",PBI,"West Palm Beach/Palm Beach, FL",1433,111.0,1624,108.0,0.0,0.0,590.0,108.0,0.0,0.0,0.0,0.0
1,1,7,1/1/2023 12:00:00 AM,AA,CLT,"Charlotte, NC",PBI,"West Palm Beach/Palm Beach, FL",2025,-3.0,2220,-14.0,0.0,0.0,590.0,,,,,
1,1,7,1/1/2023 12:00:00 AM,AA,CLT,"Charlotte, NC",PDX,"Portland, OR",1814,0.0,2054,-5.0,0.0,0.0,2282.0,,,,,
1,1,7,1/1/2023 12:00:00 AM,AA,CLT,"Charlotte, NC",PHL,"Philadelphia, PA",750,-5.0,923,-13.0,0.0,0.0,449.0,,,,,
1,1,7,1/1/2023 12:00:00 AM,AA,CLT,"Charlotte, NC",PHL,"Philadelphia, PA",1115,-4.0,1254,-8.0,0.0,0.0,449.0,,,,,
1,1,7,1/1/2023 12:00:00 AM,AA,CLT,"Charlotte, NC",PHL,"Philadelphia, PA",1456,-3.0,1635,-15.0,0.0,0.0,449.0,,,,,
1,1,7,1/1/2023 12:00:00 AM,AA,CLT,"Charlotte, NC",PHL,"Philadelphia, PA",1615,6.0,1748,2.0,0.0,0.0,449.0,,,,,
1,1,7,1/1/2023 12:00:00 AM,AA,CLT,"Charlotte, NC",PHL,"Philadelphia, PA",1820,-4.0,1958,-9.0,0.0,0.0,449.0,,,,,
1,1,7,1/1/2023 12:00:00 AM,AA,CLT,"Charlotte, NC",PHL,"Philadelphia, PA",2022,-5.0,2156,-14.0,0.0,0.0,449.0,,,,,
1,1,7,1/1/2023 12:00:00 AM,AA,CLT,"Charlotte, NC",PHL,"Philadelphia, PA",2240,0.0,23,-16.0,0.0,0.0,449.0,,,,,
1,1,7,1/1/2023 12:00:00 AM,AA,CLT,"Charlotte, NC",PHX,"Phoenix, AZ",1100,-4.0,1338,-12.0,0.0,0.0,1773.0,,,,,
1,1,7,1/1/2023 12:00:00 AM,AA,CLT,"Charlotte, NC",PHX,"Phoenix, AZ",1305,-1.0,1545,45.0,0.0,0.0,1773.0,0.0,0.0,45.0,0.0,0.0
1,1,7,1/1/2023 12:00:00 AM,AA,CLT,"Charlotte, NC",PHX,"Phoenix, AZ",1434,-5.0,1714,-5.0,0.0,0.0,1773.0,,,,,
1,1,7,1/1/2023 12:00:00 AM,AA,CLT,"Charlotte, NC",PHX,"Phoenix, AZ",1640,6.0,1921,27.0,0.0,0.0,1773.0,0.0,0.0,21.0,0.0,6.0
1,1,7,1/1/2023 12:00:00 AM,AA,CLT,"Charlotte, NC",PHX,"Phoenix, AZ",1800,-3.0,2039,14.0,0.0,0.0,1773.0,,,,,
1,1,7,1/1/2023 12:00:00 AM,AA,CLT,"Charlotte, NC",PIT,"Pittsburgh, PA",1435,-9.0,1559,-14.0,0.0,0.0,366.0,,,,,
1,1,7,1/1/2023 12:00:00 AM,AA,CLT,"Charlotte, NC",PIT,"Pittsburgh, PA",1715,-7.0,1834,-6.0,0.0,0.0,366.0,,,,,
1,1,7,1/1/2023 12:00:00 AM,AA,CLT,"Charlotte, NC",PIT,"Pittsburgh, PA",1914,-6.0,2033,-9.0,0.0,0.0,366.0,,,,,
1,1,7,1/1/2023 12:00:00 AM,AA,CLT,"Charlotte, NC",PIT,"Pittsburgh, PA",2230,15.0,3,1.0,0.0,0.0,366.0,,,,,
1,1,7,1/1/2023 12:00:00 AM,AA,CLT,"Charlotte, NC",PNS,"Pensacola, FL",1325,-6.0,1406,-11.0,0.0,0.0,488.0,,,,,
1,1,7,1/1/2023 12:00:00 AM,AA,CLT,"Charlotte, NC",PVD,"Providence, RI",1307,-6.0,1459,-7.0,0.0,0.0,683.0,,,,,
1,1,7,1/1/2023 12:00:00 AM,AA,CLT,"Charlotte, NC",PVD,"Providence, RI",1642,-3.0,1838,6.0,0.0,0.0,683.0,,,,,
1,1,7,1/1/2023 12:00:00 AM,AA,CLT,"Charlotte, NC",PVD,"Providence, RI",2220,-3.0,16,-16.0,0.0,0.0,683.0,,,,,
1,1,7,1/1/2023 12:00:00 AM,AA,CLT,"Charlotte, NC",PWM,"Portland, ME",2042,51.0,2253,53.0,0.0,0.0,813.0,0.0,0.0,2.0,0.0,51.0
1,1,7,1/1/2023 12:00:00 AM,AA,CLT,"Charlotte, NC",RDU,"Raleigh/Durham, NC",1100,0.0,1158,-7.0,0.0,0.0,130.0,,,,,
1,1,7,1/1/2023 12:00:00 AM,AA,CLT,"Charlotte, NC",RDU,"Raleigh/Durham, NC",1300,-3.0,1357,0.0,0.0,0.0,130.0,,,,,
1,1,7,1/1/2023 12:00:00 AM,AA,CLT,"Charlotte, NC",RDU,"Raleigh/Durham, NC",1435,-2.0,1529,-13.0,0.0,0.0,130.0,,,,,
1,1,7,1/1/2023 12:00:00 AM,AA,CLT,"Charlotte, NC",RDU,"Raleigh/Durham, NC",1631,-7.0,1724,-11.0,0.0,0.0,130.0,,,,,
1,1,7,1/1/2023 12:00:00 AM,AA,CLT,"Charlotte, NC",RDU,"Raleigh/Durham, NC",1820,13.0,1916,19.0,0.0,0.0,130.0,0.0,0.0,6.0,0.0,13.0
1,1,7,1/1/2023 12:00:00 AM,AA,CLT,"Charlotte, NC",RDU,"Raleigh/Durham, NC",2036,9.0,2131,0.0,0.0,0.0,130.0,,,,,
1,1,7,1/1/2023 12:00:00 AM,AA,CLT,"Charlotte, NC",RDU,"Raleigh/Durham, NC",2143,13.0,2235,4.0,0.0,0.0,130.0,,,,,
1,1,7,1/1/2023 12:00:00 AM,AA,CLT,"Charlotte, NC",RDU,"Raleigh/Durham, NC",2250,-5.0,2355,-14.0,0.0,0.0,130.0,,,,,
1,1,7,1/1/2023 12:00:00 AM,AA,CLT,"Charlotte, NC",RIC,"Richmond, VA",1215,6.0,1321,5.0,0.0,0.0,257.0,,,,,
1,1,7,1/1/2023 12:00:00 AM,AA,CLT,"Charlotte, NC",RIC,"Richmond, VA",1615,3.0,1722,8.0,0.0,0.0,257.0,,,,,
1,1,7,1/1/2023 12:00:00 AM,AA,CLT,"Charlotte, NC",RIC,"Richmond, VA",1809,21.0,1914,41.0,0.0,0.0,257.0,0.0,0.0,20.0,0.0,21.0
1,1,7,1/1/2023 12:00:00 AM,AA,CLT,"Charlotte, NC",RIC,"Richmond, VA",2055,-1.0,2204,5.0,0.0,0.0,257.0,,,,,
1,1,7,1/1/2023 12:00:00 AM,AA,CLT,"Charlotte, NC",RIC,"Richmond, VA",2235,-5.0,2346,-4.0,0.0,0.0,257.0,,,,,
1,1,7,1/1/2023 12:00:00 AM,AA,CLT,"Charlotte, NC",ROC,"Rochester, NY",2232,-4.0,18,-8.0,0.0,0.0,573.0,,,,,
1,1,7,1/1/2023 12:00:00 AM,AA,CLT,"Charlotte, NC",RSW,"Fort Myers, FL",1100,2.0,1255,2.0,0.0,0.0,600.0,,,,,
1,1,7,1/1/2023 12:00:00 AM,AA,CLT,"Charlotte, NC",RSW,"Fort Myers, FL",1300,-7.0,1453,-7.0,0.0,0.0,600.0,,,,,
1,1,7,1/1/2023 12:00:00 AM,AA,CLT,"Charlotte, NC",RSW,"Fort Myers, FL",1646,1.0,1843,1.0,0.0,0.0,600.0,,,,,
1,1,7,1/1/2023 12:00:00 AM,AA,CLT,"Charlotte, NC",SAN,"San Diego, CA",1626,-3.0,1839,-10.0,0.0,0.0,2077.0,,,,,
1,1,7,1/1/2023 12:00:00 AM,AA,CLT,"Charlotte, NC",SAN,"San Diego, CA",1820,-3.0,2034,-16.0,0.0,0.0,2077.0,,,,,
1,1,7,1/1/2023 12:00:00 AM,AA,CLT,"Charlotte, NC",SAN,"San Diego, CA",2045,4.0,2303,-10.0,0.0,0.0,2077.0,,,,,
1,1,7,1/1/2023 12:00:00 AM,AA,CLT,"Charlotte, NC",SAT,"San Antonio, TX",1300,-1.0,1511,-7.0,0.0,0.0,1095.0,,,,,
1,1,7,1/1/2023 12:00:00 AM,AA,CLT,"Charlotte, NC",SAT,"San Antonio, TX",1835,-9.0,2045,-27.0,0.0,0.0,1095.0,,,,,
1,1,7,1/1/2023 12:00:00 AM,AA,CLT,"Charlotte, NC",SAT,"San Antonio, TX",2045,10.0,2301,-13.0,0.0,0.0,1095.0,,,,,
1,1,7,1/1/2023 12:00:00 AM,AA,CLT,"Charlotte, NC",SAV,"Savannah, GA",1322,-8.0,1426,2.0,0.0,0.0,213.0,,,,,
1,1,7,1/1/2023 12:00:00 AM,AA,CLT,"Charlotte, NC",SAV,"Savannah, GA",1825,1.0,1932,9.0,0.0,0.0,213.0,,,,,
1,1,7,1/1/2023 12:00:00 AM,AA,CLT,"Charlotte, NC",SAV,"Savannah, GA",2240,584.0,2356,567.0,0.0,0.0,213.0,0.0,517.0,0.0,0.0,50.0
1,1,7,1/1/2023 12:00:00 AM,AA,CLT,"Charlotte, NC",SDF,"Louisville, KY",1447,32.0,1612,37.0,0.0,0.0,335.0,32.0,0.0,5.0,0.0,0.0
1,1,7,1/1/2023 12:00:00 AM,AA,CLT,"Charlotte, NC",SDF,"Louisville, KY",2245,-5.0,20,-23.0,0.0,0.0,335.0,,,,,
1,1,7,1/1/2023 12:00:00 AM,AA,CLT,"Charlotte, NC",SEA,"Seattle, WA",1650,6.0,1942,-12.0,0.0,0.0,2279.0,,,,,
1,1,7,1/1/2023 12:00:00 AM,AA,CLT,"Charlotte, NC",SEA,"Seattle, WA",2010,70.0,2301,57.0,0.0,0.0,2279.0,24.0,0.0,0.0,0.0,33.0
1,1,7,1/1/2023 12:00:00 AM,AA,CLT,"Charlotte, NC",SFO,"San Francisco, CA",1500,8.0,1749,4.0,0.0,0.0,2296.0,,,,,
1,1,7,1/1/2023 12:00:00 AM,AA,CLT,"Charlotte, NC",SFO,"San Francisco, CA",1825,18.0,2114,15.0,0.0,0.0,2296.0,15.0,0.0,0.0,0.0,0.0
1,1,7,1/1/2023 12:00:00 AM,AA,CLT,"Charlotte, NC",SFO,"San Francisco, CA",2010,-3.0,2255,-11.0,0.0,0.0,2296.0,,,,,
1,1,7,1/1/2023 12:00:00 AM,AA,CLT,"Charlotte, NC",SJC,"San Jose, CA",1835,2.0,2114,-1.0,0.0,0.0,2274.0,,,,,
1,1,7,1/1/2023 12:00:00 AM,AA,CLT,"Charlotte, NC",SJU,"San Juan, PR",1110,-3.0,1546,-13.0,0.0,0.0,1475.0,,,,,
1,1,7,1/1/2023 12:00:00 AM,AA,CLT,"Charlotte, NC",SJU,"San Juan, PR",1515,-3.0,1947,-12.0,0.0,0.0,1475.0,,,,,
1,1,7,1/1/2023 12:00:00 AM,AA,CLT,"Charlotte, NC",SLC,"Salt Lake City, UT",1915,-8.0,2146,3.0,0.0,0.0,1727.0,,,,,
1,1,7,1/1/2023 12:00:00 AM,AA,CLT,"Charlotte, NC",SMF,"Sacramento, CA",1855,11.0,2128,5.0,0.0,0.0,2244.0,,,,,
1,1,7,1/1/2023 12:00:00 AM,AA,CLT,"Charlotte, NC",SRQ,"Sarasota/Bradenton, FL",1111,5.0,1303,11.0,0.0,0.0,547.0,,,,,
1,1,7,1/1/2023 12:00:00 AM,AA,CLT,"Charlotte, NC",SRQ,"Sarasota/Bradenton, FL",1435,1.0,1621,-1.0,0.0,0.0,547.0,,,,,
1,1,7,1/1/2023 12:00:00 AM,AA,CLT,"Charlotte, NC",SRQ,"Sarasota/Bradenton, FL",1920,-4.0,2106,-2.0,0.0,0.0,547.0,,,,,
1,1,7,1/1/2023 12:00:00 AM,AA,CLT,"Charlotte, NC",STL,"St. Louis, MO",1455,-5.0,1559,-15.0,0.0,0.0,575.0,,,,,
1,1,7,1/1/2023 12:00:00 AM,AA,CLT,"Charlotte, NC",STL,"St. Louis, MO",1820,0.0,1919,20.0,0.0,0.0,575.0,0.0,0.0,20.0,0.0,0.0
1,1,7,1/1/2023 12:00:00 AM,AA,CLT,"Charlotte, NC",STL,"St. Louis, MO",2242,-1.0,2353,-12.0,0.0,0.0,575.0,,,,,
1,1,7,1/1/2023 12:00:00 AM,AA,CLT,"Charlotte, NC",STT,"Charlotte Amalie, VI",1100,0.0,1533,9.0,0.0,0.0,1520.0,,,,,
1,1,7,1/1/2023 12:00:00 AM,AA,CLT,"Charlotte, NC",STT,"Charlotte Amalie, VI",1300,0.0,1731,-9.0,0.0,0.0,1520.0,,,,,
1,1,7,1/1/2023 12:00:00 AM,AA,CLT,"Charlotte, NC",STX,"Christiansted, VI",1115,-4.0,1601,-10.0,0.0,0.0,1562.0,,,,,
1,1,7,1/1/2023 12:00:00 AM,AA,CLT,"Charlotte, NC",SYR,"Syracuse, NY",1642,-6.0,1827,-3.0,0.0,0.0,603.0,,,,,
1,1,7,1/1/2023 12:00:00 AM,AA,CLT,"Charlotte, NC",SYR,"Syracuse, NY",2230,-7.0,18,-11.0,0.0,0.0,603.0,,,,,
1,1,7,1/1/2023 12:00:00 AM,AA,CLT,"Charlotte, NC",TPA,"Tampa, FL",1015,-5.0,1153,15.0,0.0,0.0,507.0,0.0,0.0,15.0,0.0,0.0
1,1,7,1/1/2023 12:00:00 AM,AA,CLT,"Charlotte, NC",TPA,"Tampa, FL",1235,-4.0,1413,-10.0,0.0,0.0,507.0,,,,,
1,1,7,1/1/2023 12:00:00 AM,AA,CLT,"Charlotte, NC",TPA,"Tampa, FL",1313,-5.0,1454,15.0,0.0,0.0,507.0,0.0,0.0,15.0,0.0,0.0
1,1,7,1/1/2023 12:00:00 AM,AA,CLT,"Charlotte, NC",TPA,"Tampa, FL",1455,-5.0,1638,-9.0,0.0,0.0,507.0,,,,,
1,1,7,1/1/2023 12:00:00 AM,AA,CLT,"Charlotte, NC",TPA,"Tampa, FL",1640,1.0,1818,2.0,0.0,0.0,507.0,,,,,
1,1,7,1/1/2023 12:00:00 AM,AA,CLT,"Charlotte, NC",TPA,"Tampa, FL",1800,21.0,1938,31.0,0.0,0.0,507.0,21.0,0.0,10.0,0.0,0.0
1,1,7,1/1/2023 12:00:00 AM,AA,CLT,"Charlotte, NC",TPA,"Tampa, FL",2015,-1.0,2155,2.0,0.0,0.0,507.0,,,,,
1,1,7,1/1/2023 12:00:00 AM,AA,CLT,"Charlotte, NC",TPA,"Tampa, FL",2220,0.0,2359,9.0,0.0,0.0,507.0,,,,,
1,1,7,1/1/2023 12:00:00 AM,AA,CLT,"Charlotte, NC",TUL,"Tulsa, OK",1925,9.0,2057,24.0,0.0,0.0,842.0,9.0,0.0,15.0,0.0,0.0
1,1,7,1/1/2023 12:00:00 AM,AA,CLT,"Charlotte, NC",TYS,"Knoxville, TN",1434,-6.0,1531,-11.0,0.0,0.0,177.0,,,,,
1,1,7,1/1/2023 12:00:00 AM,AA,CLT,"Charlotte, NC",TYS,"Knoxville, TN",2240,-8.0,2348,-16.0,0.0,0.0,177.0,,,,,
1,1,7,1/1/2023 12:00:00 AM,AA,CLT,"Charlotte, NC",VPS,"Valparaiso, FL",1110,0.0,1154,13.0,0.0,0.0,460.0,,,,,
1,1,7,1/1/2023 12:00:00 AM,AA,CLT,"Charlotte, NC",VPS,"Valparaiso, FL",1640,1.0,1720,-2.0,0.0,0.0,460.0,,,,,
1,1,7,1/1/2023 12:00:00 AM,AA,CLT,"Charlotte, NC",VPS,"Valparaiso, FL",1952,789.0,2033,,0.0,1.0,460.0,,,,,
1,1,7,1/1/2023 12:00:00 AM,AA,CMH,"Columbus, OH",CLT,"Charlotte, NC",742,-4.0,920,-31.0,0.0,0.0,347.0,,,,,
1,1,7,1/1/2023 12:00:00 AM,AA,CMH,"Columbus, OH",CLT,"Charlotte, NC",1734,-8.0,1859,-13.0,0.0,0.0,347.0,,,,,
1,1,7,1/1/2023 12:00:00 AM,AA,CMH,"Columbus, OH",DCA,"Washington, DC",1820,-2.0,1935,-10.0,0.0,0.0,323.0,,,,,
1,1,7,1/1/2023 12:00:00 AM,AA,CMH,"Columbus, OH",DFW,"Dallas/Fort Worth, TX",930,-5.0,1124,-13.0,0.0,0.0,926.0,,,,,
1,1,7,1/1/2023 12:00:00 AM,AA,CMH,"Columbus, OH",DFW,"Dallas/Fort Worth, TX",1356,184.0,1550,165.0,0.0,0.0,926.0,165.0,0.0,0.0,0.0,0.0
1,1,7,1/1/2023 12:00:00 AM,AA,CMH,"Columbus, OH",DFW,"Dallas/Fort Worth, TX",1800,12.0,1955,-5.0,0.0,0.0,926.0,,,,,
1,1,7,1/1/2023 12:00:00 AM,AA,CMH,"Columbus, OH",PHL,"Philadelphia, PA",805,-10.0,944,-18.0,0.0,0.0,406.0,,,,,
1,1,7,1/1/2023 12:00:00 AM,AA,CMH,"Columbus, OH",PHL,"Philadelphia, PA",1829,-6.0,1955,-13.0,0.0,0.0,406.0,,,,,
1,1,7,1/1/2023 12:00:00 AM,AA,CMH,"Columbus, OH",PHX,"Phoenix, AZ",1115,-8.0,1343,29.0,0.0,0.0,1670.0,0.0,0.0,29.0,0.0,0.0
1,1,7,1/1/2023 12:00:00 AM,AA,COS,"Colorado Springs, CO",DFW,"Dallas/Fort Worth, TX",610,-1.0,906,-19.0,0.0,0.0,592.0,,,,,
1,1,7,1/1/2023 12:00:00 AM,AA,COS,"Colorado Springs, CO",DFW,"Dallas/Fort Worth, TX",1443,3.0,1732,-3.0,0.0,0.0,592.0,,,,,
1,1,7,1/1/2023 12:00:00 AM,AA,CVG,"Cincinnati, OH",CLT,"Charlotte, NC",1205,7.0,1337,-11.0,0.0,0.0,335.0,,,,,
1,1,7,1/1/2023 12:00:00 AM,AA,CVG,"Cincinnati, OH",CLT,"Charlotte, NC",1755,-8.0,1927,-28.0,0.0,0.0,335.0,,,,,
1,1,7,1/1/2023 12:00:00 AM,AA,CVG,"Cincinnati, OH",DFW,"Dallas/Fort Worth, TX",959,-1.0,1140,-5.0,0.0,0.0,812.0,,,,,
1,1,7,1/1/2023 12:00:00 AM,AA,CVG,"Cincinnati, OH",DFW,"Dallas/Fort Worth, TX",1224,12.0,1405,1.0,0.0,0.0,812.0,,,,,
1,1,7,1/1/2023 12:00:00 AM,AA,CVG,"Cincinnati, OH",DFW,"Dallas/Fort Worth, TX",1949,-7.0,2130,-2.0,0.0,0.0,812.0,,,,,
1,1,7,1/1/2023 12:00:00 AM,AA,CVG,"Cincinnati, OH",PHX,"Phoenix, AZ",1145,4.0,1357,24.0,0.0,0.0,1569.0,4.0,0.0,20.0,0.0,0.0
1,1,7,1/1/2023 12:00:00 AM,AA,DAB,"Daytona Beach, FL",CLT,"Charlotte, NC",825,0.0,1003,-11.0,0.0,0.0,416.0,,,,,
1,1,7,1/1/2023 12:00:00 AM,AA,DAB,"Daytona Beach, FL",CLT,"Charlotte, NC",1340,15.0,1519,10.0,0.0,0.0,416.0,,,,,
1,1,7,1/1/2023 12:00:00 AM,AA,DAB,"Daytona Beach, FL",CLT,"Charlotte, NC",1725,1.0,1904,-4.0,0.0,0.0,416.0,,,,,
1,1,7,1/1/2023 12:00:00 AM,AA,DCA,"Washington, DC",ATL,"Atlanta, GA",1145,26.0,1344,16.0,0.0,0.0,547.0,16.0,0.0,0.0,0.0,0.0
1,1,7,1/1/2023 12:00:00 AM,AA,DCA,"Washington, DC",BNA,"Nashville, TN",2006,-7.0,2119,-34.0,0.0,0.0,562.0,,,,,
1,1,7,1/1/2023 12:00:00 AM,AA,DCA,"Washington, DC",BOS,"Boston, MA",1000,-8.0,1131,-25.0,0.0,0.0,399.0,,,,,
1,1,7,1/1/2023 12:00:00 AM,AA,DCA,"Washington, DC",BOS,"Boston, MA",1200,-5.0,1332,-22.0,0.0,0.0,399.0,,,,,
1,1,7,1/1/2023 12:00:00 AM,AA,DCA,"Washington, DC",BOS,"Boston, MA",1500,-10.0,1635,-29.0,0.0,0.0,399.0,,,,,
1,1,7,1/1/2023 12:00:00 AM,AA,DCA,"Washington, DC",BOS,"Boston, MA",1700,-1.0,1832,0.0,0.0,0.0,399.0,,,,,
1,1,7,1/1/2023 12:00:00 AM,AA,DCA,"Washington, DC",CHS,"Charleston, SC",1950,-11.0,2137,-31.0,0.0,0.0,444.0,,,,,
1,1,7,1/1/2023 12:00:00 AM,AA,DCA,"Washington, DC",CLT,"Charlotte, NC",841,-5.0,1030,-23.0,0.0,0.0,331.0,,,,,
1,1,7,1/1/2023 12:00:00 AM,AA,DCA,"Washington, DC",CLT,"Charlotte, NC",1051,-11.0,1225,-16.0,0.0,0.0,331.0,,,,,
1,1,7,1/1/2023 12:00:00 AM,AA,DCA,"Washington, DC",CLT,"Charlotte, NC",1154,-10.0,1329,-24.0,0.0,0.0,331.0,,,,,
1,1,7,1/1/2023 12:00:00 AM,AA,DCA,"Washington, DC",CLT,"Charlotte, NC",1356,17.0,1530,7.0,0.0,0.0,331.0,,,,,
1,1,7,1/1/2023 12:00:00 AM,AA,DCA,"Washington, DC",CLT,"Charlotte, NC",1526,-8.0,1707,-34.0,0.0,0.0,331.0,,,,,
1,1,7,1/1/2023 12:00:00 AM,AA,DCA,"Washington, DC",CLT,"Charlotte, NC",1705,-7.0,1840,-34.0,0.0,0.0,331.0,,,,,
1,1,7,1/1/2023 12:00:00 AM,AA,DCA,"Washington, DC",CLT,"Charlotte, NC",1945,-7.0,2118,-22.0,0.0,0.0,331.0,,,,,
1,1,7,1/1/2023 12:00:00 AM,AA,DCA,"Washington, DC",CMH,"Columbus, OH",1520,-6.0,1654,-26.0,0.0,0.0,323.0,,,,,
1,1,7,1/1/2023 12:00:00 AM,AA,DCA,"Washington, DC",DFW,"Dallas/Fort Worth, TX",650,-4.0,934,-22.0,0.0,0.0,1192.0,,,,,
1,1,7,1/1/2023 12:00:00 AM,AA,DCA,"Washington, DC",DFW,"Dallas/Fort Worth, TX",955,-10.0,1235,-28.0,0.0,0.0,1192.0,,,,,
1,1,7,1/1/2023 12:00:00 AM,AA,DCA,"Washington, DC",DFW,"Dallas/Fort Worth, TX",1100,-6.0,1341,-22.0,0.0,0.0,1192.0,,,,,
1,1,7,1/1/2023 12:00:00 AM,AA,DCA,"Washington, DC",DFW,"Dallas/Fort Worth, TX",1310,-5.0,1548,-34.0,0.0,0.0,1192.0,,,,,
1,1,7,1/1/2023 12:00:00 AM,AA,DCA,"Washington, DC",DFW,"Dallas/Fort Worth, TX",1525,-3.0,1814,-31.0,0.0,0.0,1192.0,,,,,
1,1,7,1/1/2023 12:00:00 AM,AA,DCA,"Washington, DC",DFW,"Dallas/Fort Worth, TX",1710,-5.0,1954,-24.0,0.0,0.0,1192.0,,,,,
1,1,7,1/1/2023 12:00:00 AM,AA,DCA,"Washington, DC",DFW,"Dallas/Fort Worth, TX",1859,-4.0,2138,-29.0,0.0,0.0,1192.0,,,,,
1,1,7,1/1/2023 12:00:00 AM,AA,DCA,"Washington, DC",JAX,"Jacksonville, FL",1459,-9.0,1713,-25.0,0.0,0.0,634.0,,,,,
1,1,7,1/1/2023 12:00:00 AM,AA,DCA,"Washington, DC",JAX,"Jacksonville, FL",1950,0.0,2200,-19.0,0.0,0.0,634.0,,,,,
1,1,7,1/1/2023 12:00:00 AM,AA,DCA,"Washington, DC",LAS,"Las Vegas, NV",759,-10.0,1028,-24.0,0.0,0.0,2089.0,,,,,
1,1,7,1/1/2023 12:00:00 AM,AA,DCA,"Washington, DC",LAX,"Los Angeles, CA",900,-1.0,1209,-7.0,0.0,0.0,2311.0,,,,,
1,1,7,1/1/2023 12:00:00 AM,AA,DCA,"Washington, DC",LAX,"Los Angeles, CA",1700,-7.0,2002,-35.0,0.0,0.0,2311.0,,,,,
1,1,7,1/1/2023 12:00:00 AM,AA,DCA,"Washington, DC",LGA,"New York, NY",1000,-3.0,1111,-13.0,0.0,0.0,214.0,,,,,
1,1,7,1/1/2023 12:00:00 AM,AA,DCA,"Washington, DC",LGA,"New York, NY",1215,-9.0,1325,-26.0,0.0,0.0,214.0,,,,,
1,1,7,1/1/2023 12:00:00 AM,AA,DCA,"Washington, DC",LGA,"New York, NY",1300,-8.0,1410,-21.0,0.0,0.0,214.0,,,,,
1,1,7,1/1/2023 12:00:00 AM,AA,DCA,"Washington, DC",LGA,"New York, NY",1400,-5.0,1513,-20.0,0.0,0.0,214.0,,,,,
1,1,7,1/1/2023 12:00:00 AM,AA,DCA,"Washington, DC",LGA,"New York, NY",1700,-6.0,1812,-8.0,0.0,0.0,214.0,,,,,
1,1,7,1/1/2023 12:00:00 AM,AA,DCA,"Washington, DC",MCI,"Kansas City, MO",2020,-11.0,2221,-19.0,0.0,0.0,949.0,,,,,
1,1,7,1/1/2023 12:00:00 AM,AA,DCA,"Washington, DC",MCO,"Orlando, FL",826,-8.0,1102,-20.0,0.0,0.0,759.0,,,,,
1,1,7,1/1/2023 12:00:00 AM,AA,DCA,"Washington, DC",MCO,"Orlando, FL",1011,-3.0,1259,-25.0,0.0,0.0,759.0,,,,,
1,1,7,1/1/2023 12:00:00 AM,AA,DCA,"Washington, DC",MCO,"Orlando, FL",1220,-11.0,1451,-17.0,0.0,0.0,759.0,,,,,
1,1,7,1/1/2023 12:00:00 AM,AA,DCA,"Washington, DC",MCO,"Orlando, FL",1700,1.0,1934,13.0,0.0,0.0,759.0,,,,,
1,1,7,1/1/2023 12:00:00 AM,AA,DCA,"Washington, DC",MIA,"Miami, FL",530,-10.0,830,-24.0,0.0,0.0,919.0,,,,,
1,1,7,1/1/2023 12:00:00 AM,AA,DCA,"Washington, DC",MIA,"Miami, FL",630,-7.0,931,-22.0,0.0,0.0,919.0,,,,,
1,1,7,1/1/2023 12:00:00 AM,AA,DCA,"Washington, DC",MIA,"Miami, FL",800,-5.0,1105,-24.0,0.0,0.0,919.0,,,,,
1,1,7,1/1/2023 12:00:00 AM,AA,DCA,"Washington, DC",MIA,"Miami, FL",1004,-4.0,1300,-22.0,0.0,0.0,919.0,,,,,
1,1,7,1/1/2023 12:00:00 AM,AA,DCA,"Washington, DC",MIA,"Miami, FL",1157,-5.0,1450,10.0,0.0,0.0,919.0,,,,,
1,1,7,1/1/2023 12:00:00 AM,AA,DCA,"Washington, DC",MIA,"Miami, FL",1343,39.0,1634,15.0,0.0,0.0,919.0,1.0,0.0,0.0,0.0,14.0
1,1,7,1/1/2023 12:00:00 AM,AA,DCA,"Washington, DC",MIA,"Miami, FL",1718,-8.0,2015,-44.0,0.0,0.0,919.0,,,,,
1,1,7,1/1/2023 12:00:00 AM,AA,DCA,"Washington, DC",MIA,"Miami, FL",1841,-5.0,2132,-30.0,0.0,0.0,919.0,,,,,
1,1,7,1/1/2023 12:00:00 AM,AA,DCA,"Washington, DC",MIA,"Miami, FL",2010,-6.0,2308,-25.0,0.0,0.0,919.0,,,,,
1,1,7,1/1/2023 12:00:00 AM,AA,DCA,"Washington, DC",MSY,"New Orleans, LA",1004,-10.0,1212,-20.0,0.0,0.0,969.0,,,,,
1,1,7,1/1/2023 12:00:00 AM,AA,DCA,"Washington, DC",ORD,"Chicago, IL",555,3.0,711,8.0,0.0,0.0,612.0,,,,,
1,1,7,1/1/2023 12:00:00 AM,AA,DCA,"Washington, DC",ORD,"Chicago, IL",701,-10.0,825,-28.0,0.0,0.0,612.0,,,,,
1,1,7,1/1/2023 12:00:00 AM,AA,DCA,"Washington, DC",ORD,"Chicago, IL",1002,-9.0,1136,-30.0,0.0,0.0,612.0,,,,,
1,1,7,1/1/2023 12:00:00 AM,AA,DCA,"Washington, DC",ORD,"Chicago, IL",1100,-9.0,1217,-12.0,0.0,0.0,612.0,,,,,
1,1,7,1/1/2023 12:00:00 AM,AA,DCA,"Washington, DC",ORD,"Chicago, IL",1215,-5.0,1332,-11.0,0.0,0.0,612.0,,,,,
1,1,7,1/1/2023 12:00:00 AM,AA,DCA,"Washington, DC",ORD,"Chicago, IL",1455,-10.0,1627,-36.0,0.0,0.0,612.0,,,,,
1,1,7,1/1/2023 12:00:00 AM,AA,DCA,"Washington, DC",ORD,"Chicago, IL",1704,-9.0,1827,-8.0,0.0,0.0,612.0,,,,,
1,1,7,1/1/2023 12:00:00 AM,AA,DCA,"Washington, DC",ORD,"Chicago, IL",1925,-9.0,2042,-19.0,0.0,0.0,612.0,,,,,
1,1,7,1/1/2023 12:00:00 AM,AA,DCA,"Washington, DC",ORD,"Chicago, IL",2030,49.0,2154,23.0,0.0,0.0,612.0,0.0,0.0,0.0,0.0,23.0
1,1,7,1/1/2023 12:00:00 AM,AA,DCA,"Washington, DC",PBI,"West Palm Beach/Palm Beach, FL",817,-16.0,1055,-15.0,0.0,0.0,857.0,,,,,
1,1,7,1/1/2023 12:00:00 AM,AA,DCA,"Washington, DC",PBI,"West Palm Beach/Palm Beach, FL",1526,-8.0,1813,-26.0,0.0,0.0,857.0,,,,,
1,1,7,1/1/2023 12:00:00 AM,AA,DCA,"Washington, DC",PHX,"Phoenix, AZ",1017,0.0,1349,-13.0,0.0,0.0,1979.0,,,,,
1,1,7,1/1/2023 12:00:00 AM,AA,DCA,"Washington, DC",PHX,"Phoenix, AZ",1700,-5.0,2017,-7.0,0.0,0.0,1979.0,,,,,
1,1,7,1/1/2023 12:00:00 AM,AA,DCA,"Washington, DC",PVD,"Providence, RI",1526,6.0,1653,-7.0,0.0,0.0,356.0,,,,,
1,1,7,1/1/2023 12:00:00 AM,AA,DCA,"Washington, DC",PVD,"Providence, RI",2000,-8.0,2131,-33.0,0.0,0.0,356.0,,,,,
1,1,7,1/1/2023 12:00:00 AM,AA,DCA,"Washington, DC",PWM,"Portland, ME",1459,-8.0,1632,-5.0,0.0,0.0,482.0,,,,,
1,1,7,1/1/2023 12:00:00 AM,AA,DCA,"Washington, DC",RDU,"Raleigh/Durham, NC",1832,-3.0,1943,-6.0,0.0,0.0,227.0,,,,,
1,1,7,1/1/2023 12:00:00 AM,AA,DCA,"Washington, DC",RSW,"Fort Myers, FL",1505,-3.0,1800,-21.0,0.0,0.0,892.0,,,,,
1,1,7,1/1/2023 12:00:00 AM,AA,DCA,"Washington, DC",TPA,"Tampa, FL",920,-7.0,1146,-3.0,0.0,0.0,814.0,,,,,
1,1,7,1/1/2023 12:00:00 AM,AA,DCA,"Washington, DC",TPA,"Tampa, FL",1215,-5.0,1442,7.0,0.0,0.0,814.0,,,,,
1,1,7,1/1/2023 12:00:00 AM,AA,DCA,"Washington, DC",TPA,"Tampa, FL",1835,-5.0,2104,-23.0,0.0,0.0,814.0,,,,,
1,1,7,1/1/2023 12:00:00 AM,AA,DEN,"Denver, CO",AUS,"Austin, TX",1131,-7.0,1452,-29.0,0.0,0.0,775.0,,,,,
1,1,7,1/1/2023 12:00:00 AM,AA,DEN,"Denver, CO",CLT,"Charlotte, NC",700,-7.0,1208,-6.0,0.0,0.0,1337.0,,,,,
1,1,7,1/1/2023 12:00:00 AM,AA,DEN,"Denver, CO",CLT,"Charlotte, NC",1015,-6.0,1539,-33.0,0.0,0.0,1337.0,,,,,
1,1,7,1/1/2023 12:00:00 AM,AA,DEN,"Denver, CO",CLT,"Charlotte, NC",1411,12.0,1917,12.0,0.0,0.0,1337.0,,,,,
1,1,7,1/1/2023 12:00:00 AM,AA,DEN,"Denver, CO",CLT,"Charlotte, NC",1615,3.0,2121,9.0,0.0,0.0,1337.0,,,,,
1,1,7,1/1/2023 12:00:00 AM,AA,DEN,"Denver, CO",CLT,"Charlotte, NC",2359,83.0,505,74.0,0.0,0.0,1337.0,74.0,0.0,0.0,0.0,0.0
1,1,7,1/1/2023 12:00:00 AM,AA,DEN,"Denver, CO",DFW,"Dallas/Fort Worth, TX",700,-3.0,959,-14.0,0.0,0.0,641.0,,,,,
1,1,7,1/1/2023 12:00:00 AM,AA,DEN,"Denver, CO",DFW,"Dallas/Fort Worth, TX",800,-6.0,1056,4.0,0.0,0.0,641.0,,,,,
1,1,7,1/1/2023 12:00:00 AM,AA,DEN,"Denver, CO",DFW,"Dallas/Fort Worth, TX",1051,-3.0,1347,-7.0,0.0,0.0,641.0,,,,,
1,1,7,1/1/2023 12:00:00 AM,AA,DEN,"Denver, CO",DFW,"Dallas/Fort Worth, TX",1259,44.0,1554,39.0,0.0,0.0,641.0,2.0,0.0,0.0,0.0,37.0
1,1,7,1/1/2023 12:00:00 AM,AA,DEN,"Denver, CO",DFW,"Dallas/Fort Worth, TX",1452,-1.0,1748,-1.0,0.0,0.0,641.0,,,,,
1,1,7,1/1/2023 12:00:00 AM,AA,DEN,"Denver, CO",DFW,"Dallas/Fort Worth, TX",1653,42.0,1949,55.0,0.0,0.0,641.0,15.0,0.0,13.0,0.0,27.0
1,1,7,1/1/2023 12:00:00 AM,AA,DEN,"Denver, CO",DFW,"Dallas/Fort Worth, TX",1839,29.0,2135,32.0,0.0,0.0,641.0,29.0,0.0,3.0,0.0,0.0
1,1,7,1/1/2023 12:00:00 AM,AA,DEN,"Denver, CO",MIA,"Miami, FL",20,-2.0,607,-23.0,0.0,0.0,1709.0,,,,,
1,1,7,1/1/2023 12:00:00 AM,AA,DEN,"Denver, CO",MIA,"Miami, FL",1100,15.0,1647,15.0,0.0,0.0,1709.0,15.0,0.0,0.0,0.0,0.0
1,1,7,1/1/2023 12:00:00 AM,AA,DEN,"Denver, CO",ORD,"Chicago, IL",800,-3.0,1131,-23.0,0.0,0.0,888.0,,,,,
1,1,7,1/1/2023 12:00:00 AM,AA,DEN,"Denver, CO",ORD,"Chicago, IL",1232,-1.0,1559,-8.0,0.0,0.0,888.0,,,,,
1,1,7,1/1/2023 12:00:00 AM,AA,DEN,"Denver, CO",ORD,"Chicago, IL",1602,17.0,1933,2.0,0.0,0.0,888.0,,,,,
1,1,7,1/1/2023 12:00:00 AM,AA,DEN,"Denver, CO",PHL,"Philadelphia, PA",1215,-4.0,1741,-19.0,0.0,0.0,1558.0,,,,,
1,1,7,1/1/2023 12:00:00 AM,AA,DEN,"Denver, CO",PHL,"Philadelphia, PA",2359,14.0,527,14.0,0.0,0.0,1558.0,,,,,
1,1,7,1/1/2023 12:00:00 AM,AA,DEN,"Denver, CO",PHX,"Phoenix, AZ",1200,17.0,1405,28.0,0.0,0.0,602.0,0.0,17.0,11.0,0.0,0.0
1,1,7,1/1/2023 12:00:00 AM,AA,DEN,"Denver, CO",PHX,"Phoenix, AZ",1842,45.0,2040,70.0,0.0,0.0,602.0,0.0,0.0,25.0,0.0,45.0
1,1,7,1/1/2023 12:00:00 AM,AA,DFW,"Dallas/Fort Worth, TX",ABQ,"Albuquerque, NM",1009,-6.0,1100,-13.0,0.0,0.0,569.0,,,,,
1,1,7,1/1/2023 12:00:00 AM,AA,DFW,"Dallas/Fort Worth, TX",ABQ,"Albuquerque, NM",1314,-6.0,1404,-6.0,0.0,0.0,569.0,,,,,
1,1,7,1/1/2023 12:00:00 AM,AA,DFW,"Dallas/Fort Worth, TX",ABQ,"Albuquerque, NM",1505,-2.0,1557,-9.0,0.0,0.0,569.0,,,,,
1,1,7,1/1/2023 12:00:00 AM,AA,DFW,"Dallas/Fort Worth, TX",ABQ,"Albuquerque, NM",1947,41.0,2038,30.0,0.0,0.0,569.0,30.0,0.0,0.0,0.0,0.0
1,1,7,1/1/2023 12:00:00 AM,AA,DFW,"Dallas/Fort Worth, TX",ABQ,"Albuquerque, NM",2254,-6.0,2344,-10.0,0.0,0.0,569.0,,,,,
1,1,7,1/1/2023 12:00:00 AM,AA,DFW,"Dallas/Fort Worth, TX",AMA,"Amarillo, TX",1635,-6.0,1748,-9.0,0.0,0.0,312.0,,,,,
1,1,7,1/1/2023 12:00:00 AM,AA,DFW,"Dallas/Fort Worth, TX",AMA,"Amarillo, TX",2230,-4.0,2343,17.0,0.0,0.0,312.0,0.0,0.0,17.0,0.0,0.0
1,1,7,1/1/2023 12:00:00 AM,AA,DFW,"Dallas/Fort Worth, TX",ANC,"Anchorage, AK",1700,-7.0,2053,-22.0,0.0,0.0,3043.0,,,,,
1,1,7,1/1/2023 12:00:00 AM,AA,DFW,"Dallas/Fort Worth, TX",ATL,"Atlanta, GA",1019,2.0,1318,4.0,0.0,0.0,731.0,,,,,
1,1,7,1/1/2023 12:00:00 AM,AA,DFW,"Dallas/Fort Worth, TX",ATL,"Atlanta, GA",1425,-5.0,1726,-9.0,0.0,0.0,731.0,,,,,
1,1,7,1/1/2023 12:00:00 AM,AA,DFW,"Dallas/Fort Worth, TX",ATL,"Atlanta, GA",1621,25.0,1920,20.0,0.0,0.0,731.0,0.0,0.0,0.0,0.0,20.0
1,1,7,1/1/2023 12:00:00 AM,AA,DFW,"Dallas/Fort Worth, TX",ATL,"Atlanta, GA",1917,11.0,2220,1.0,0.0,0.0,731.0,,,,,
1,1,7,1/1/2023 12:00:00 AM,AA,DFW,"Dallas/Fort Worth, TX",ATL,"Atlanta, GA",2049,-5.0,2349,-15.0,0.0,0.0,731.0,,,,,
1,1,7,1/1/2023 12:00:00 AM,AA,DFW,"Dallas/Fort Worth, TX",AUS,"Austin, TX",1145,-7.0,1246,-21.0,0.0,0.0,190.0,,,,,
1,1,7,1/1/2023 12:00:00 AM,AA,DFW,"Dallas/Fort Worth, TX",AUS,"Austin, TX",1225,-4.0,1330,-11.0,0.0,0.0,190.0,,,,,
1,1,7,1/1/2023 12:00:00 AM,AA,DFW,"Dallas/Fort Worth, TX",AUS,"Austin, TX",1515,-8.0,1618,-21.0,0.0,0.0,190.0,,,,,
1,1,7,1/1/2023 12:00:00 AM,AA,DFW,"Dallas/Fort Worth, TX",AUS,"Austin, TX",1600,5.0,1703,-8.0,0.0,0.0,190.0,,,,,
1,1,7,1/1/2023 12:00:00 AM,AA,DFW,"Dallas/Fort Worth, TX",AUS,"Austin, TX",1700,-1.0,1803,-12.0,0.0,0.0,190.0,,,,,
1,1,7,1/1/2023 12:00:00 AM,AA,DFW,"Dallas/Fort Worth, TX",AUS,"Austin, TX",1800,0.0,1901,-5.0,0.0,0.0,190.0,,,,,
1,1,7,1/1/2023 12:00:00 AM,AA,DFW,"Dallas/Fort Worth, TX",AUS,"Austin, TX",1830,7.0,1933,-3.0,0.0,0.0,190.0,,,,,
1,1,7,1/1/2023 12:00:00 AM,AA,DFW,"Dallas/Fort Worth, TX",AUS,"Austin, TX",2020,-5.0,2121,-2.0,0.0,0.0,190.0,,,,,
1,1,7,1/1/2023 12:00:00 AM,AA,DFW,"Dallas/Fort Worth, TX",AUS,"Austin, TX",2110,-6.0,2213,-11.0,0.0,0.0,190.0,,,,,
1,1,7,1/1/2023 12:00:00 AM,AA,DFW,"Dallas/Fort Worth, TX",AUS,"Austin, TX",2145,-6.0,2246,-9.0,0.0,0.0,190.0,,,,,
1,1,7,1/1/2023 12:00:00 AM,AA,DFW,"Dallas/Fort Worth, TX",AUS,"Austin, TX",2245,-1.0,2345,-4.0,0.0,0.0,190.0,,,,,
1,1,7,1/1/2023 12:00:00 AM,AA,DFW,"Dallas/Fort Worth, TX",BDL,"Hartford, CT",1845,120.0,2259,109.0,0.0,0.0,1471.0,5.0,0.0,0.0,0.0,104.0
1,1,7,1/1/2023 12:00:00 AM,AA,DFW,"Dallas/Fort Worth, TX",BFL,"Bakersfield, CA",1148,13.0,1314,16.0,0.0,0.0,1271.0,13.0,0.0,3.0,0.0,0.0
1,1,7,1/1/2023 12:00:00 AM,AA,DFW,"Dallas/Fort Worth, TX",BFL,"Bakersfield, CA",2225,-8.0,2353,-21.0,0.0,0.0,1271.0,,,,,
1,1,7,1/1/2023 12:00:00 AM,AA,DFW,"Dallas/Fort Worth, TX",BHM,"Birmingham, AL",1035,-5.0,1219,9.0,0.0,0.0,597.0,,,,,
1,1,7,1/1/2023 12:00:00 AM,AA,DFW,"Dallas/Fort Worth, TX",BHM,"Birmingham, AL",1655,29.0,1832,43.0,0.0,0.0,597.0,29.0,0.0,14.0,0.0,0.0
1,1,7,1/1/2023 12:00:00 AM,AA,DFW,"Dallas/Fort Worth, TX",BHM,"Birmingham, AL",2109,91.0,2246,90.0,0.0,0.0,597.0,35.0,0.0,0.0,0.0,55.0
1,1,7,1/1/2023 12:00:00 AM,AA,DFW,"Dallas/Fort Worth, TX",BNA,"Nashville, TN",1100,3.0,1248,1.0,0.0,0.0,631.0,,,,,
1,1,7,1/1/2023 12:00:00 AM,AA,DFW,"Dallas/Fort Worth, TX",BNA,"Nashville, TN",1239,-8.0,1424,-9.0,0.0,0.0,631.0,,,,,
1,1,7,1/1/2023 12:00:00 AM,AA,DFW,"Dallas/Fort Worth, TX",BNA,"Nashville, TN",1445,-9.0,1627,-13.0,0.0,0.0,631.0,,,,,
1,1,7,1/1/2023 12:00:00 AM,AA,DFW,"Dallas/Fort Worth, TX",BNA,"Nashville, TN",1636,-9.0,1819,-13.0,0.0,0.0,631.0,,,,,
1,1,7,1/1/2023 12:00:00 AM,AA,DFW,"Dallas/Fort Worth, TX",BNA,"Nashville, TN",1858,-7.0,2043,-9.0,0.0,0.0,631.0,,,,,
1,1,7,1/1/2023 12:00:00 AM,AA,DFW,"Dallas/Fort Worth, TX",BNA,"Nashville, TN",2104,0.0,2248,-5.0,0.0,0.0,631.0,,,,,
1,1,7,1/1/2023 12:00:00 AM,AA,DFW,"Dallas/Fort Worth, TX",BOI,"Boise, ID",1033,-1.0,1303,-10.0,0.0,0.0,1272.0,,,,,
1,1,7,1/1/2023 12:00:00 AM,AA,DFW,"Dallas/Fort Worth, TX",BOI,"Boise, ID",1853,-1.0,2118,-23.0,0.0,0.0,1272.0,,,,,
1,1,7,1/1/2023 12:00:00 AM,AA,DFW,"Dallas/Fort Worth, TX",BOS,"Boston, MA",1045,-7.0,1525,-25.0,0.0,0.0,1562.0,,,,,
1,1,7,1/1/2023 12:00:00 AM,AA,DFW,"Dallas/Fort Worth, TX",BOS,"Boston, MA",1234,-6.0,1706,-14.0,0.0,0.0,1562.0,,,,,
1,1,7,1/1/2023 12:00:00 AM,AA,DFW,"Dallas/Fort Worth, TX",BOS,"Boston, MA",1605,42.0,2034,31.0,0.0,0.0,1562.0,7.0,0.0,0.0,0.0,24.0
1,1,7,1/1/2023 12:00:00 AM,AA,DFW,"Dallas/Fort Worth, TX",BOS,"Boston, MA",1705,-4.0,2132,0.0,0.0,0.0,1562.0,,,,,
1,1,7,1/1/2023 12:00:00 AM,AA,DFW,"Dallas/Fort Worth, TX",BOS,"Boston, MA",1846,-4.0,2315,-21.0,0.0,0.0,1562.0,,,,,
1,1,7,1/1/2023 12:00:00 AM,AA,DFW,"Dallas/Fort Worth, TX",BUF,"Buffalo, NY",1910,9.0,2304,1.0,0.0,0.0,1212.0,,,,,
1,1,7,1/1/2023 12:00:00 AM,AA,DFW,"Dallas/Fort Worth, TX",BUR,"Burbank, CA",1052,-6.0,1225,4.0,0.0,0.0,1231.0,,,,,
1,1,7,1/1/2023 12:00:00 AM,AA,DFW,"Dallas/Fort Worth, TX",BUR,"Burbank, CA",1918,-5.0,2046,-22.0,0.0,0.0,1231.0,,,,,
1,1,7,1/1/2023 12:00:00 AM,AA,DFW,"Dallas/Fort Worth, TX",BWI,"Baltimore, MD",1032,-4.0,1424,-19.0,0.0,0.0,1217.0,,,,,
1,1,7,1/1/2023 12:00:00 AM,AA,DFW,"Dallas/Fort Worth, TX",BWI,"Baltimore, MD",1427,-4.0,1813,-7.0,0.0,0.0,1217.0,,,,,
1,1,7,1/1/2023 12:00:00 AM,AA,DFW,"Dallas/Fort Worth, TX",BWI,"Baltimore, MD",1924,-2.0,2314,4.0,0.0,0.0,1217.0,,,,,
1,1,7,1/1/2023 12:00:00 AM,AA,DFW,"Dallas/Fort Worth, TX",BZN,"Bozeman, MT",1039,-2.0,1257,-11.0,0.0,0.0,1163.0,,,,,
1,1,7,1/1/2023 12:00:00 AM,AA,DFW,"Dallas/Fort Worth, TX",BZN,"Bozeman, MT",1707,-1.0,1916,-13.0,0.0,0.0,1163.0,,,,,
1,1,7,1/1/2023 12:00:00 AM,AA,DFW,"Dallas/Fort Worth, TX",CAE,"Columbia, SC",1330,-5.0,1639,-10.0,0.0,0.0,922.0,,,,,
1,1,7,1/1/2023 12:00:00 AM,AA,DFW,"Dallas/Fort Worth, TX",CAE,"Columbia, SC",2047,0.0,2355,10.0,0.0,0.0,922.0,,,,,
1,1,7,1/1/2023 12:00:00 AM,AA,DFW,"Dallas/Fort Worth, TX",CHS,"Charleston, SC",1109,27.0,1436,25.0,0.0,0.0,987.0,25.0,0.0,0.0,0.0,0.0
1,1,7,1/1/2023 12:00:00 AM,AA,DFW,"Dallas/Fort Worth, TX",CHS,"Charleston, SC",1637,-8.0,2001,-4.0,0.0,0.0,987.0,,,,,
1,1,7,1/1/2023 12:00:00 AM,AA,DFW,"Dallas/Fort Worth, TX",CHS,"Charleston, SC",1934,2.0,2257,4.0,0.0,0.0,987.0,,,,,
1,1,7,1/1/2023 12:00:00 AM,AA,DFW,"Dallas/Fort Worth, TX",CID,"Cedar Rapids/Iowa City, IA",1441,-7.0,1634,-10.0,0.0,0.0,685.0,,,,,
1,1,7,1/1/2023 12:00:00 AM,AA,DFW,"Dallas/Fort Worth, TX",CID,"Cedar Rapids/Iowa City, IA",2117,58.0,2309,60.0,0.0,0.0,685.0,2.0,0.0,2.0,0.0,56.0
1,1,7,1/1/2023 12:00:00 AM,AA,DFW,"Dallas/Fort Worth, TX",CLE,"Cleveland, OH",1117,-11.0,1450,-10.0,0.0,0.0,1021.0,,,,,
1,1,7,1/1/2023 12:00:00 AM,AA,DFW,"Dallas/Fort Worth, TX",CLE,"Cleveland, OH",1758,-3.0,2130,-9.0,0.0,0.0,1021.0,,,,,
1,1,7,1/1/2023 12:00:00 AM,AA,DFW,"Dallas/Fort Worth, TX",CLE,"Cleveland, OH",2039,-4.0,11,-8.0,0.0,0.0,1021.0,,,,,
1,1,7,1/1/2023 12:00:00 AM,AA,DFW,"Dallas/Fort Worth, TX",CLT,"Charlotte, NC",708,-2.0,1030,6.0,0.0,0.0,936.0,,,,,
1,1,7,1/1/2023 12:00:00 AM,AA,DFW,"Dallas/Fort Worth, TX",CLT,"Charlotte, NC",845,-9.0,1213,-7.0,0.0,0.0,936.0,,,,,
1,1,7,1/1/2023 12:00:00 AM,AA,DFW,"Dallas/Fort Worth, TX",CLT,"Charlotte, NC",1023,18.0,1346,14.0,0.0,0.0,936.0,,,,,
1,1,7,1/1/2023 12:00:00 AM,AA,DFW,"Dallas/Fort Worth, TX",CLT,"Charlotte, NC",1220,-4.0,1542,-1.0,0.0,0.0,936.0,,,,,
1,1,7,1/1/2023 12:00:00 AM,AA,DFW,"Dallas/Fort Worth, TX",CLT,"Charlotte, NC",1402,-5.0,1724,-6.0,0.0,0.0,936.0,,,,,
1,1,7,1/1/2023 12:00:00 AM,AA,DFW,"Dallas/Fort Worth, TX",CLT,"Charlotte, NC",1600,0.0,1923,5.0,0.0,0.0,936.0,,,,,
1,1,7,1/1/2023 12:00:00 AM,AA,DFW,"Dallas/Fort Worth, TX",CLT,"Charlotte, NC",1712,51.0,2035,39.0,0.0,0.0,936.0,0.0,0.0,0.0,0.0,39.0
1,1,7,1/1/2023 12:00:00 AM,AA,DFW,"Dallas/Fort Worth, TX",CLT,"Charlotte, NC",1833,139.0,2155,136.0,0.0,0.0,936.0,136.0,0.0,0.0,0.0,0.0
1,1,7,1/1/2023 12:00:00 AM,AA,DFW,"Dallas/Fort Worth, TX",CLT,"Charlotte, NC",2036,11.0,2358,0.0,0.0,0.0,936.0,,,,,
1,1,7,1/1/2023 12:00:00 AM,AA,DFW,"Dallas/Fort Worth, TX",CMH,"Columbus, OH",1351,-2.0,1710,-7.0,0.0,0.0,926.0,,,,,
1,1,7,1/1/2023 12:00:00 AM,AA,DFW,"Dallas/Fort Worth, TX",CMH,"Columbus, OH",1647,13.0,2007,17.0,0.0,0.0,926.0,13.0,0.0,4.0,0.0,0.0
